tipo,autonomia,provincia,matricula,causa,poblacion,fechahora_ini,nivel,carretera,pk_inicial,pk_final,sentido,longitud,latitud
Obras,Euskadi,ARABA,VI,Obras,Zambrana,2007-12-28 10:33:18,Blanco,AP-68,76,76,ZARAGOZA,-2.87888,42.6468
Obras,Euskadi,ARABA,VI,Obras,None,2007-12-21 09:15:37,Blanco,AP-68,23,23,BILBAO,-2.93097,43.06346
Obras,Euskadi,ARABA,VI,Obras,Zuia,2007-12-21 09:15:37,Blanco,AP-68,29,29,BILBAO,-2.906144,43.01588
Obras,Euskadi,ARABA,VI,Obras,None,2007-12-20 09:06:14,Blanco,N-1,350,350,IRÚN,-2.71807,42.87376
Obras,Euskadi,ARABA,VI,Obras,None,2007-12-19 09:36:48,Amarillo,AP-68,23,23,ZARAGOZA,-2.931188,43.06375
Obras,Euskadi,ARABA,VI,Obras,Vitoria-Gasteiz,2007-12-14 19:14:09,Amarillo,N-622,7,7,BILBAO,-2.705275,42.89774
Obras,Euskadi,ARABA,VI,Obras,Vitoria-Gasteiz,2007-12-14 19:14:09,Amarillo,N-622,7,7,BILBAO,-2.705275,42.89774
Obras,Euskadi,ARABA,VI,Obras,Vitoria-Gasteiz,2007-12-14 18:14:28,Amarillo,N-622,7,7,BILBAO,-2.705275,42.89774
Obras,Euskadi,ARABA,VI,Obras,Vitoria-Gasteiz,2007-12-14 09:13:49,Blanco,N-622,6,6,VITORIA-GASTEIZ,-2.69882,42.89018
Obras,Euskadi,ARABA,VI,Obras,Vitoria-Gasteiz,2007-12-14 09:13:49,Blanco,N-622,6,6,VITORIA-GASTEIZ,-2.69882,42.89018
Obras,Euskadi,ARABA,VI,Obras,None,2007-12-14 00:15:28,Blanco,AP-68,24,24,BILBAO,-2.931558,43.05477
Obras,Euskadi,ARABA,VI,Obras,None,2007-12-13 17:10:04,Amarillo,N-240,8,11,BILBAO,-2.648236,42.90803
Obras,Euskadi,ARABA,VI,Obras,None,2007-12-13 17:10:04,Amarillo,N-240,8,11,BILBAO,-2.648236,42.90803
Obras,Euskadi,ARABA,VI,Obras,None,2007-12-13 17:10:04,Amarillo,N-240,8,11,BILBAO,-2.648236,42.90803
Obras,Euskadi,ARABA,VI,Obras,Zambrana,2007-12-13 10:05:32,Blanco,AP-68,77,77,ZARAGOZA,-2.86839,42.64229
Obras,Euskadi,ARABA,VI,Obras,Zuia,2007-12-13 08:34:11,Blanco,AP-68,36,36,ZARAGOZA,-2.876186,42.96837
Obras,Euskadi,ARABA,VI,Obras,Zuia,2007-12-12 15:56:31,Blanco,AP-68,33,33,ZARAGOZA,-2.87367,42.99056
Obras,Euskadi,ARABA,VI,Obras,Zuia,2007-12-12 15:56:31,Blanco,AP-68,33,33,ZARAGOZA,-2.87367,42.99056
Obras,Euskadi,ARABA,VI,Obras,None,2007-12-10 08:41:08,Blanco,AP-68,23,23,BILBAO,-2.93097,43.06346
Obras,Euskadi,ARABA,VI,Obras,None,2007-12-04 11:25:29,Blanco,AP-68,43,43,BILBAO,-2.9027,42.91511
Obras,Euskadi,ARABA,VI,Obras,Urkabustaiz,2007-11-30 07:48:42,Blanco,AP-68,47,47,ZARAGOZA,-2.89352,42.88135
Obras,Euskadi,ARABA,VI,Obras,None,2007-11-30 07:48:42,Blanco,AP-68,47,47,ZARAGOZA,-2.89352,42.88135
Obras,Euskadi,ARABA,VI,Obras,Urkabustaiz,2007-11-30 07:48:42,Blanco,AP-68,48,48,ZARAGOZA,-2.89306,42.87248
Obras,Euskadi,ARABA,VI,Obras,Vitoria-Gasteiz,2007-11-28 09:17:35,Blanco,N-240,11,9,VITORIA-GASTEIZ,-2.64338,42.93479
Obras,Euskadi,ARABA,VI,Obras,None,2007-11-27 18:35:42,Blanco,N-240,12,12,BILBAO,-2.63942,42.94333
Obras,Euskadi,ARABA,VI,Obras,None,2007-11-27 18:35:42,Blanco,N-240,12,12,BILBAO,-2.63942,42.94333
Obras,Euskadi,ARABA,VI,Obras,None,2007-11-27 08:44:11,Amarillo,N-622,8,8,BILBAO,-2.712479,42.90509
Obras,Euskadi,ARABA,VI,Obras,None,2007-11-27 08:44:11,Amarillo,N-622,8,8,BILBAO,-2.712479,42.90509
Obras,Euskadi,ARABA,VI,Obras,None,2007-11-27 08:44:11,Amarillo,N-622,8,8,BILBAO,-2.712479,42.90509
Obras,Euskadi,ARABA,VI,Obras,Urkabustaiz,2007-11-23 08:42:40,Blanco,AP-68,45,45,BILBAO,-2.89677,42.89839
Obras,Euskadi,ARABA,VI,Obras,None,2007-11-22 08:41:58,Blanco,AP-68,70,70,ZARAGOZA,-2.894581,42.69747
Obras,Euskadi,ARABA,VI,Obras,None,2007-11-22 08:41:58,Blanco,AP-68,70,70,ZARAGOZA,-2.894581,42.69747
Obras,Euskadi,ARABA,VI,Obras,None,2007-11-22 08:41:58,Blanco,AP-68,70,70,ZARAGOZA,-2.894581,42.69747
Obras,Euskadi,ARABA,VI,Obras,Ribera Baja/Erribera Beitia,2007-11-21 16:17:06,Blanco,AP-68,63,63,ZARAGOZA,-2.90674,42.74772
Obras,Euskadi,ARABA,VI,Obras,None,2007-11-21 16:17:06,Blanco,AP-68,63,63,ZARAGOZA,-2.90674,42.74772
Obras,Euskadi,ARABA,VI,Obras,Urkabustaiz,2007-11-21 08:32:47,Blanco,AP-68,47,47,ZARAGOZA,-2.89352,42.88135
Obras,Euskadi,ARABA,VI,Obras,Urkabustaiz,2007-11-21 08:32:47,Blanco,AP-68,47,47,ZARAGOZA,-2.89352,42.88135
Obras,Euskadi,ARABA,VI,Obras,Ribera Baja/Erribera Beitia,2007-11-20 11:48:06,Blanco,AP-68,66,66,ZARAGOZA,-2.92232,42.72546
Obras,Euskadi,ARABA,VI,Obras,None,2007-11-20 11:48:06,Blanco,AP-68,66,66,ZARAGOZA,-2.92232,42.72546
Obras,Euskadi,ARABA,VI,Obras,None,2007-11-19 08:21:14,Blanco,AP-68,47,47,ZARAGOZA,-2.89352,42.88135
Obras,Euskadi,ARABA,VI,Obras,Ribera Alta,2007-11-16 10:35:42,Blanco,AP-68,48,48,ZARAGOZA,-2.89306,42.87248
Obras,Euskadi,ARABA,VI,Obras,None,2007-11-15 09:17:23,Blanco,AP-68,57,57,ZARAGOZA,-2.90342,42.79605
Obras,Euskadi,ARABA,VI,Obras,Urkabustaiz,2007-11-15 08:47:50,Blanco,AP-68,47,47,ZARAGOZA,-2.89352,42.88135
Obras,Euskadi,ARABA,VI,Obras,Urkabustaiz,2007-11-15 08:47:50,Blanco,AP-68,47,47,ZARAGOZA,-2.89352,42.88135
Obras,Euskadi,ARABA,VI,Obras,None,2007-11-14 08:52:18,Blanco,AP-68,48,48,ZARAGOZA,-2.89306,42.87248
Obras,Euskadi,ARABA,VI,Obras,Ribera Alta,2007-11-14 08:52:18,Blanco,AP-68,44,44,ZARAGOZA,-2.89711,42.90756
Obras,Euskadi,ARABA,VI,Obras,Vitoria-Gasteiz,2007-11-14 01:08:12,Amarillo,N-1,352,352,IRÚN,-2.69683,42.8802
Obras,Euskadi,ARABA,VI,Obras,Zuia,2007-11-13 08:38:03,Blanco,AP-68,31,31,ZARAGOZA,-2.89219,43.00167
Obras,Euskadi,ARABA,VI,Obras,Ribera Alta,2007-11-13 10:19:21,Blanco,AP-68,44,44,ZARAGOZA,-2.89711,42.90756
Obras,Euskadi,ARABA,VI,Obras,Ribera Alta,2007-11-13 08:40:54,Amarillo,AP-68,63,63,ZARAGOZA,-2.90674,42.74772
Obras,Euskadi,ARABA,VI,Obras,Ribera Alta,2007-11-13 08:38:03,Blanco,AP-68,31,31,BILBAO,-2.891762,43.00168
Obras,Euskadi,ARABA,VI,Obras,Ribera Alta,2007-11-13 08:40:54,Amarillo,AP-68,63,63,ZARAGOZA,-2.90674,42.74772
Obras,Euskadi,ARABA,VI,Obras,None,2007-11-13 08:40:54,Amarillo,AP-68,63,63,ZARAGOZA,-2.90674,42.74772
Obras,Euskadi,ARABA,VI,Obras,Ribera Alta,2007-11-13 10:19:21,Blanco,AP-68,44,44,ZARAGOZA,-2.89711,42.90756
Obras,Euskadi,ARABA,VI,Obras,Ribera Alta,2007-11-13 08:38:03,Blanco,AP-68,31,31,BILBAO,-2.891762,43.00168
Obras,Euskadi,ARABA,VI,Obras,Ribera Alta,2007-11-12 08:50:47,Blanco,AP-68,63,63,ZARAGOZA,-2.90674,42.74772
Obras,Euskadi,ARABA,VI,Obras,None,2007-11-12 08:50:47,Blanco,AP-68,63,63,ZARAGOZA,-2.90674,42.74772
Obras,Euskadi,ARABA,VI,Obras,Kuartango,2007-11-08 09:40:32,Blanco,AP-68,44,44,ZARAGOZA,-2.89711,42.90756
Obras,Euskadi,ARABA,VI,Obras,None,2007-11-08 09:40:32,Blanco,AP-68,44,44,ZARAGOZA,-2.89711,42.90756
Obras,Euskadi,ARABA,VI,Obras,Amurrio,2007-11-08 08:33:49,Blanco,AP-68,23,23,BILBAO,-2.93097,43.06346
Obras,Euskadi,ARABA,VI,Obras,None,2007-11-08 08:33:49,Blanco,AP-68,23,23,BILBAO,-2.93097,43.06346
Obras,Euskadi,ARABA,VI,Obras,Amurrio,2007-11-07 08:46:00,Blanco,AP-68,24,24,BILBAO,-2.931558,43.05477
Obras,Euskadi,ARABA,VI,Obras,Amurrio,2007-11-06 08:23:43,Blanco,AP-68,24,24,BILBAO,-2.931558,43.05477
Obras,Euskadi,ARABA,VI,Obras,None,2007-10-31 11:44:18,Blanco,AP-68,34,34,ZARAGOZA,-2.87067,42.98276
Obras,Euskadi,ARABA,VI,Obras,Kuartango,2007-10-31 08:37:57,Blanco,AP-68,43,43,BILBAO,-2.9027,42.91511
Obras,Euskadi,ARABA,VI,Obras,Kuartango,2007-10-31 08:37:57,Blanco,AP-68,43,43,BILBAO,-2.9027,42.91511
Obras,Euskadi,ARABA,VI,Obras,None,2007-10-31 11:44:18,Blanco,AP-68,34,34,ZARAGOZA,-2.87067,42.98276
Obras,Euskadi,ARABA,VI,Obras,None,2007-10-31 08:37:57,Blanco,AP-68,43,43,BILBAO,-2.9027,42.91511
Obras,Euskadi,ARABA,VI,Obras,None,2007-10-30 16:43:01,Blanco,AP-68,52,52,BILBAO,-2.89389,42.83642
Obras,Euskadi,ARABA,VI,Obras,None,2007-10-30 11:34:17,Blanco,AP-68,64,64,ZARAGOZA,-2.91497,42.74139
Obras,Euskadi,ARABA,VI,Obras,None,2007-10-30 11:34:17,Blanco,AP-68,64,64,ZARAGOZA,-2.91497,42.74139
Obras,Euskadi,ARABA,VI,Obras,None,2007-10-30 07:44:48,Blanco,AP-68,77,77,ZARAGOZA,-2.86839,42.64229
Obras,Euskadi,ARABA,VI,Obras,None,2007-10-29 08:36:53,Blanco,AP-68,32,32,BILBAO,-2.881384,42.99702
Obras,Euskadi,ARABA,VI,Obras,None,2007-10-29 08:12:46,Blanco,AP-68,77,77,ZARAGOZA,-2.86839,42.64229
Obras,Euskadi,ARABA,VI,Obras,None,2007-10-26 14:25:15,Amarillo,N-240,13,9,VITORIA-GASTEIZ,-2.63704,42.95252
Obras,Euskadi,ARABA,VI,Obras,None,2007-10-26 09:02:51,Blanco,AP-68,44,44,ZARAGOZA,-2.89711,42.90756
Obras,Euskadi,ARABA,VI,Obras,None,2007-10-26 09:02:51,Blanco,AP-68,44,44,ZARAGOZA,-2.89711,42.90756
Obras,Euskadi,ARABA,VI,Obras,None,2007-10-25 10:41:52,Blanco,AP-68,28,28,BILBAO,-2.91231,43.02321
Obras,Euskadi,ARABA,VI,Obras,Ribera Alta,2007-10-24 08:39:14,Blanco,AP-68,53,53,BILBAO,-2.89528,42.82766
Obras,Euskadi,ARABA,VI,Obras,None,2007-10-24 08:39:14,Blanco,AP-68,53,53,BILBAO,-2.89528,42.82766
Obras,Euskadi,ARABA,VI,Obras,None,2007-10-23 10:14:08,Blanco,AP-68,69,69,BILBAO,-2.90099,42.70471
Obras,Euskadi,ARABA,VI,Obras,None,2007-10-23 09:23:35,Blanco,AP-68,77,77,ZARAGOZA,-2.86839,42.64229
Obras,Euskadi,ARABA,VI,Obras,None,2007-10-23 08:35:11,Blanco,AP-68,44,44,ZARAGOZA,-2.89711,42.90756
Obras,Euskadi,ARABA,VI,Obras,Ribera Alta,2007-10-22 08:20:28,Blanco,AP-68,53,53,BILBAO,-2.89528,42.82766
Obras,Euskadi,ARABA,VI,Obras,None,2007-10-22 08:20:28,Blanco,AP-68,53,53,BILBAO,-2.89528,42.82766
Obras,Euskadi,ARABA,VI,Obras,None,2007-10-22 08:20:28,Blanco,AP-68,53,53,BILBAO,-2.89528,42.82766
Obras,Euskadi,ARABA,VI,Obras,None,2007-10-20 09:23:27,Blanco,AP-68,24,24,ZARAGOZA,-2.931911,43.05497
Obras,Euskadi,ARABA,VI,Obras,Ribera Alta,2007-10-17 11:07:56,Amarillo,AP-68,53,53,BILBAO,-2.89528,42.82766
Obras,Euskadi,ARABA,VI,Obras,Ribera Alta,2007-10-17 15:42:44,Blanco,AP-68,56,56,BILBAO,-2.9051,42.80451
Obras,Euskadi,ARABA,VI,Obras,Ribera Alta,2007-10-17 15:42:44,Blanco,AP-68,55,55,BILBAO,-2.90293,42.81295
Obras,Euskadi,ARABA,VI,Obras,Ribera Alta,2007-10-17 11:07:56,Amarillo,AP-68,53,53,BILBAO,-2.89528,42.82766
Obras,Euskadi,ARABA,VI,Obras,Kuartango,2007-10-17 10:56:17,Blanco,AP-68,51,51,ZARAGOZA,-2.89297,42.84566
Obras,Euskadi,ARABA,VI,Obras,None,2007-10-17 10:56:17,Blanco,AP-68,51,51,ZARAGOZA,-2.89297,42.84566
Obras,Euskadi,ARABA,VI,Obras,None,2007-10-17 10:56:17,Blanco,AP-68,51,51,ZARAGOZA,-2.89297,42.84566
Obras,Euskadi,ARABA,VI,Obras,None,2007-10-17 11:07:56,Amarillo,AP-68,53,53,BILBAO,-2.89528,42.82766
Obras,Euskadi,ARABA,VI,Obras,None,2007-10-17 10:58:22,Amarillo,AP-68,51,51,ZARAGOZA,-2.89297,42.84566
Obras,Euskadi,ARABA,VI,Obras,None,2007-10-17 10:56:17,Amarillo,AP-68,51,51,ZARAGOZA,-2.89297,42.84566
Obras,Euskadi,ARABA,VI,Obras,None,2007-10-17 10:56:17,Amarillo,AP-68,51,51,ZARAGOZA,-2.89297,42.84566
Obras,Euskadi,ARABA,VI,Obras,Ribera Alta,2007-10-16 18:15:59,Blanco,AP-68,55,55,BILBAO,-2.90293,42.81295
Obras,Euskadi,ARABA,VI,Obras,Ribera Alta,2007-10-16 18:15:59,Blanco,AP-68,55,55,BILBAO,-2.90293,42.81295
Obras,Euskadi,ARABA,VI,Obras,Ribera Alta,2007-10-16 18:15:59,Blanco,AP-68,55,55,BILBAO,-2.90293,42.81295
Obras,Euskadi,ARABA,VI,Obras,Ribera Alta,2007-10-15 16:36:44,Blanco,AP-68,51,54,ZARAGOZA,-2.89297,42.84566
Obras,Euskadi,ARABA,VI,Obras,Ribera Alta,2007-10-16 08:46:35,Blanco,AP-68,54,51,BILBAO,-2.89421,42.81931
Obras,Euskadi,ARABA,VI,Obras,Ribera Alta,2007-10-16 08:46:35,Blanco,AP-68,54,51,BILBAO,-2.89421,42.81931
Obras,Euskadi,ARABA,VI,Obras,Ribera Alta,2007-10-15 16:36:44,Blanco,AP-68,51,54,ZARAGOZA,-2.89297,42.84566
Obras,Euskadi,ARABA,VI,Obras,Ribera Alta,2007-10-15 16:36:44,Blanco,AP-68,51,54,ZARAGOZA,-2.89297,42.84566
Obras,Euskadi,ARABA,VI,Obras,Ribera Alta,2007-10-15 16:36:44,Amarillo,AP-68,51,54,ZARAGOZA,-2.89297,42.84566
Obras,Euskadi,ARABA,VI,Obras,Ribera Alta,2007-10-15 16:36:44,Amarillo,AP-68,51,54,ZARAGOZA,-2.89297,42.84566
Obras,Euskadi,ARABA,VI,Obras,Ribera Alta,2007-10-15 09:28:39,Amarillo,AP-68,54,51,BILBAO,-2.89421,42.81931
Obras,Euskadi,ARABA,VI,Obras,Ribera Alta,2007-10-15 09:28:39,Amarillo,AP-68,54,54,BILBAO,-2.89421,42.81931
Obras,Euskadi,ARABA,VI,Obras,Ribera Alta,2007-10-15 09:28:39,Amarillo,AP-68,54,54,BILBAO,-2.89421,42.81931
Obras,Euskadi,ARABA,VI,Obras,Ribera Alta,2007-10-15 09:28:39,Amarillo,AP-68,54,54,BILBAO,-2.89421,42.81931
Obras,Euskadi,ARABA,VI,Obras,Kuartango,2007-10-15 08:58:50,Blanco,AP-68,51,51,ZARAGOZA,-2.89297,42.84566
Obras,Euskadi,ARABA,VI,Obras,None,2007-10-15 09:28:39,Amarillo,AP-68,54,54,BILBAO,-2.89421,42.81931
Obras,Euskadi,ARABA,VI,Obras,None,2007-10-15 08:58:50,Blanco,AP-68,51,51,ZARAGOZA,-2.89297,42.84566
Obras,Euskadi,ARABA,VI,Obras,None,2007-10-15 08:58:50,Blanco,AP-68,51,51,ZARAGOZA,-2.89297,42.84566
Obras,Euskadi,ARABA,VI,Obras,Ribera Alta,2007-10-10 08:29:11,Blanco,AP-68,64,64,BILBAO,-2.91494,42.74106
Obras,Euskadi,ARABA,VI,Obras,Ribera Alta,2007-10-10 08:29:11,Blanco,AP-68,64,64,BILBAO,-2.91494,42.74106
Obras,Euskadi,ARABA,VI,Obras,Ribera Alta,2007-10-10 08:29:11,Blanco,AP-68,64,64,BILBAO,-2.91494,42.74106
Obras,Euskadi,ARABA,VI,Obras,Salvatierra/Agurain,2007-10-10 01:16:36,Amarillo,N-1,380,380,MADRID,-2.376358,42.84897
Obras,Euskadi,ARABA,VI,Obras,Urkabustaiz,2007-09-23 20:37:29,Blanco,AP-68,53,51,BILBAO,-2.89528,42.82766
Obras,Euskadi,ARABA,VI,Obras,Zambrana,2007-10-09 09:04:12,Blanco,AP-68,72,72,BILBAO,-2.88888,42.68017
Obras,Euskadi,ARABA,VI,Obras,Zambrana,2007-10-09 09:04:12,Blanco,AP-68,72,72,BILBAO,-2.88888,42.68017
Obras,Euskadi,ARABA,VI,Obras,None,2007-10-09 09:04:12,Blanco,AP-68,72,72,BILBAO,-2.88888,42.68017
Obras,Euskadi,ARABA,VI,Obras,Kuartango,2007-10-09 08:11:37,Blanco,AP-68,44,44,ZARAGOZA,-2.89711,42.90756
Obras,Euskadi,ARABA,VI,Obras,None,2007-10-09 08:11:37,Blanco,AP-68,44,44,ZARAGOZA,-2.89711,42.90756
Obras,Euskadi,ARABA,VI,Obras,Zuia,2007-10-08 17:27:58,Blanco,AP-68,43,43,ZARAGOZA,-2.903103,42.91535
Obras,Euskadi,ARABA,VI,Obras,Zuia,2007-10-08 17:27:58,Blanco,AP-68,43,43,ZARAGOZA,-2.903103,42.91535
Obras,Euskadi,ARABA,VI,Obras,Ribera Alta,2007-10-08 08:16:32,Blanco,AP-68,72,72,BILBAO,-2.88888,42.68017
Obras,Euskadi,ARABA,VI,Obras,None,2007-10-07 16:10:38,Blanco,AP-68,51,51,ZARAGOZA,-2.89297,42.84566
Obras,Euskadi,ARABA,VI,Obras,None,2007-10-07 16:09:47,Blanco,AP-68,52,52,ZARAGOZA,-2.894033,42.83658
Obras,Euskadi,ARABA,VI,Obras,None,2007-10-05 12:52:13,Blanco,AP-68,44,44,ZARAGOZA,-2.89711,42.90756
Obras,Euskadi,ARABA,VI,Obras,None,2007-10-05 09:01:38,Blanco,AP-68,53,53,ZARAGOZA,-2.89539,42.828
Obras,Euskadi,ARABA,VI,Obras,None,2007-10-05 09:01:38,Blanco,AP-68,53,53,ZARAGOZA,-2.89539,42.828
Obras,Euskadi,ARABA,VI,Obras,Ribera Baja/Erribera Beitia,2007-10-05 08:53:12,Blanco,AP-68,50,55,ZARAGOZA,-2.89331,42.85456
Obras,Euskadi,ARABA,VI,Obras,None,2007-10-04 13:31:40,Blanco,AP-68,70,70,ZARAGOZA,-2.894581,42.69747
Obras,Euskadi,ARABA,VI,Obras,None,2007-10-04 13:31:40,Blanco,AP-68,65,65,ZARAGOZA,-2.92224,42.73424
Obras,Euskadi,ARABA,VI,Obras,None,2007-10-04 13:31:40,Blanco,AP-68,63,63,ZARAGOZA,-2.90674,42.74772
Obras,Euskadi,ARABA,VI,Obras,None,2007-10-04 13:31:40,Blanco,AP-68,62,62,ZARAGOZA,-2.90606,42.75644
Obras,Euskadi,ARABA,VI,Obras,Ribera Alta,2007-10-04 10:22:51,Blanco,AP-68,58,58,ZARAGOZA,-2.89953,42.78738
Obras,Euskadi,ARABA,VI,Obras,None,2007-10-04 08:30:35,Blanco,AP-68,54,54,ZARAGOZA,-2.89429,42.81965
Obras,Euskadi,ARABA,VI,Obras,None,2007-10-04 08:26:47,Blanco,AP-68,42,50,ZARAGOZA,-2.90197,42.92398
Obras,Euskadi,ARABA,VI,Obras,None,2007-10-04 08:26:47,Blanco,AP-68,42,50,ZARAGOZA,-2.90197,42.92398
Obras,Euskadi,ARABA,VI,Obras,None,2007-10-04 08:26:47,Blanco,AP-68,42,50,ZARAGOZA,-2.90197,42.92398
Obras,Euskadi,ARABA,VI,Obras,None,2007-10-04 08:26:47,Blanco,AP-68,42,50,ZARAGOZA,-2.90197,42.92398
Obras,Euskadi,ARABA,VI,Obras,None,2007-10-03 09:03:28,Blanco,AP-68,44,44,ZARAGOZA,-2.89711,42.90756
Obras,Euskadi,ARABA,VI,Obras,None,2007-10-03 12:39:36,Blanco,AP-68,53,53,ZARAGOZA,-2.89539,42.828
Obras,Euskadi,ARABA,VI,Obras,None,2007-10-03 09:03:28,Blanco,AP-68,43,43,ZARAGOZA,-2.903103,42.91535
Obras,Euskadi,ARABA,VI,Obras,None,2007-10-02 17:18:26,Blanco,AP-68,44,44,ZARAGOZA,-2.89711,42.90756
Obras,Euskadi,ARABA,VI,Obras,None,2007-10-02 17:18:26,Blanco,AP-68,42,42,ZARAGOZA,-2.90197,42.92398
Obras,Euskadi,ARABA,VI,Obras,None,2007-10-02 17:18:26,Blanco,AP-68,42,42,ZARAGOZA,-2.90197,42.92398
Obras,Euskadi,ARABA,VI,Obras,None,2007-10-02 09:28:46,Blanco,AP-68,38,38,ZARAGOZA,-2.87697,42.95297
Obras,Euskadi,ARABA,VI,Obras,None,2007-10-02 09:28:46,Blanco,AP-68,37,37,ZARAGOZA,-2.86974,42.96004
Obras,Euskadi,ARABA,VI,Obras,None,2007-10-02 09:28:46,Blanco,AP-68,44,44,ZARAGOZA,-2.89711,42.90756
Obras,Euskadi,ARABA,VI,Obras,Urkabustaiz,2007-09-23 20:37:29,Blanco,AP-68,53,51,BILBAO,-2.89528,42.82766
Obras,Euskadi,ARABA,VI,Obras,Urkabustaiz,2007-09-23 20:37:29,Blanco,AP-68,53,51,BILBAO,-2.89528,42.82766
Obras,Euskadi,ARABA,VI,Obras,Kuartango,2007-10-01 09:17:23,Blanco,AP-68,67,67,ZARAGOZA,-2.91333,42.71972
Obras,Euskadi,ARABA,VI,Obras,Kuartango,2007-10-01 09:17:23,Blanco,AP-68,67,67,ZARAGOZA,-2.91333,42.71972
Obras,Euskadi,ARABA,VI,Obras,Kuartango,2007-10-01 09:17:23,Blanco,AP-68,67,67,ZARAGOZA,-2.91333,42.71972
Obras,Euskadi,ARABA,VI,Obras,None,2007-10-01 09:17:23,Blanco,AP-68,67,6,ZARAGOZA,-2.91333,42.71972
Obras,Euskadi,ARABA,VI,Obras,Alegría-Dulantzi,2007-10-01 09:17:23,Blanco,AP-68,67,6,ZARAGOZA,-2.91333,42.71972
Obras,Euskadi,ARABA,VI,Obras,Zambrana,2007-09-30 18:37:03,Blanco,AP-68,51,51,ZARAGOZA,-2.89297,42.84566
Obras,Euskadi,ARABA,VI,Obras,Zuia,2007-09-28 09:00:50,Blanco,AP-68,37,37,ZARAGOZA,-2.86974,42.96004
Obras,Euskadi,ARABA,VI,Obras,Ribera Alta,2007-09-28 08:12:30,Blanco,AP-68,68,68,ZARAGOZA,-2.90503,42.71332
Obras,Euskadi,ARABA,VI,Obras,Ribera Alta,2007-09-27 08:20:46,Blanco,AP-68,67,67,ZARAGOZA,-2.91333,42.71972
Obras,Euskadi,ARABA,VI,Obras,Zambrana,2007-09-27 09:03:47,Blanco,AP-68,70,70,BILBAO,-2.894214,42.69747
Obras,Euskadi,ARABA,VI,Obras,Ribera Alta,2007-09-27 08:20:46,Blanco,AP-68,67,67,ZARAGOZA,-2.91333,42.71972
Obras,Euskadi,ARABA,VI,Obras,Ribera Baja/Erribera Beitia,2007-09-26 08:17:21,Blanco,AP-68,68,68,ZARAGOZA,-2.90503,42.71332
Obras,Euskadi,ARABA,VI,Obras,Ribera Baja/Erribera Beitia,2007-09-26 08:17:21,Blanco,AP-68,68,68,ZARAGOZA,-2.90503,42.71332
Obras,Euskadi,ARABA,VI,Obras,None,2007-09-26 08:17:21,Blanco,AP-68,68,68,ZARAGOZA,-2.90503,42.71332
Obras,Euskadi,ARABA,VI,Obras,Ribera Baja/Erribera Beitia,2007-09-25 19:03:36,Blanco,AP-68,70,70,BILBAO,-2.894214,42.69747
Obras,Euskadi,ARABA,VI,Obras,Urkabustaiz,2007-09-23 20:37:29,Blanco,AP-68,53,51,BILBAO,-2.89528,42.82766
Obras,Euskadi,ARABA,VI,Obras,Ribera Alta,2007-09-25 12:49:56,Blanco,AP-68,70,70,BILBAO,-2.894214,42.69747
Obras,Euskadi,ARABA,VI,Obras,Ribera Alta,2007-09-25 11:57:34,Blanco,AP-68,71,71,ZARAGOZA,-2.89166,42.68916
Obras,Euskadi,ARABA,VI,Obras,Ribera Alta,2007-09-25 11:57:34,Blanco,AP-68,71,71,ZARAGOZA,-2.89166,42.68916
Obras,Euskadi,ARABA,VI,Obras,None,2007-09-24 10:20:20,Blanco,AP-68,72,72,BILBAO,-2.88888,42.68017
Obras,Euskadi,ARABA,VI,Obras,None,2007-09-24 10:20:20,Blanco,AP-68,72,68,BILBAO,-2.88888,42.68017
Obras,Euskadi,ARABA,VI,Obras,None,2007-09-24 10:20:20,Amarillo,AP-68,72,68,BILBAO,-2.88888,42.68017
Obras,Euskadi,ARABA,VI,Obras,None,2007-09-24 10:15:41,Amarillo,AP-68,68,72,ZARAGOZA,-2.90503,42.71332
Obras,Euskadi,ARABA,VI,Obras,None,2007-09-24 10:15:41,Amarillo,AP-68,68,68,ZARAGOZA,-2.90503,42.71332
Obras,Euskadi,ARABA,VI,Obras,Ribera Alta,2007-09-24 09:30:58,Blanco,AP-68,72,72,BILBAO,-2.88888,42.68017
Obras,Euskadi,ARABA,VI,Obras,Ribera Alta,2007-09-24 09:30:58,Blanco,AP-68,72,72,BILBAO,-2.88888,42.68017
Obras,Euskadi,ARABA,VI,Obras,Urkabustaiz,2007-09-23 20:37:29,Blanco,AP-68,53,51,BILBAO,-2.89528,42.82766
Obras,Euskadi,ARABA,VI,Obras,None,2007-09-23 20:30:33,Blanco,AP-68,51,53,ZARAGOZA,-2.89297,42.84566
Obras,Euskadi,ARABA,VI,Obras,None,2007-09-23 20:30:33,Blanco,AP-68,52,53,ZARAGOZA,-2.894033,42.83658
Obras,Euskadi,ARABA,VI,Obras,Kuartango,2007-09-23 17:05:24,Blanco,AP-68,51,51,ZARAGOZA,-2.89297,42.84566
Obras,Euskadi,ARABA,VI,Obras,Vitoria-Gasteiz,2007-09-21 16:12:03,Blanco,N-622,8,8,VITORIA-GASTEIZ,-2.71263,42.90498
Obras,Euskadi,ARABA,VI,Obras,Vitoria-Gasteiz,2007-09-21 16:12:03,None,N-622,8,8,VITORIA-GASTEIZ,-2.71263,42.90498
Obras,Euskadi,ARABA,VI,Obras,Vitoria-Gasteiz,2007-09-21 16:12:03,Blanco,N-622,8,8,VITORIA-GASTEIZ,-2.71263,42.90498
Obras,Euskadi,ARABA,VI,Obras,None,2007-09-21 16:12:03,Blanco,N-622,8,8,VITORIA-GASTEIZ,-2.71263,42.90498
Obras,Euskadi,ARABA,VI,Obras,Ribera Baja/Erribera Beitia,2007-09-21 08:49:16,Blanco,AP-68,71,69,BILBAO,-2.89141,42.68887
Obras,Euskadi,ARABA,VI,Obras,Ribera Baja/Erribera Beitia,2007-09-21 08:12:15,Blanco,AP-68,69,71,ZARAGOZA,-2.90131,42.70481
Obras,Euskadi,ARABA,VI,Obras,Ribera Baja/Erribera Beitia,2007-09-21 08:12:15,Blanco,AP-68,71,71,BILBAO,-2.89141,42.68887
Obras,Euskadi,ARABA,VI,Obras,Ribera Alta,2007-09-06 10:27:22,Blanco,AP-68,53,53,BILBAO,-2.89528,42.82766
Obras,Euskadi,ARABA,VI,Obras,None,2007-09-20 10:01:58,Blanco,AP-68,48,49,ZARAGOZA,-2.89306,42.87248
Obras,Euskadi,ARABA,VI,Obras,Kuartango,2007-09-20 10:01:58,Blanco,AP-68,49,49,ZARAGOZA,-2.893947,42.86351
Obras,Euskadi,ARABA,VI,Obras,None,2007-09-20 10:01:58,Blanco,AP-68,49,49,ZARAGOZA,-2.893947,42.86351
Obras,Euskadi,ARABA,VI,Obras,None,2007-09-20 08:01:39,Blanco,AP-68,69,71,ZARAGOZA,-2.90131,42.70481
Obras,Euskadi,ARABA,VI,Obras,Zambrana,2007-09-20 07:59:54,Blanco,AP-68,71,69,BILBAO,-2.89141,42.68887
Obras,Euskadi,ARABA,VI,Obras,Zambrana,2007-09-20 07:59:54,Blanco,AP-68,71,71,BILBAO,-2.89141,42.68887
Obras,Euskadi,ARABA,VI,Obras,Zambrana,2007-09-20 08:01:39,Blanco,AP-68,71,71,ZARAGOZA,-2.89166,42.68916
Obras,Euskadi,ARABA,VI,Obras,Zambrana,2007-09-20 07:59:54,Blanco,AP-68,71,71,BILBAO,-2.89141,42.68887
Obras,Euskadi,ARABA,VI,Obras,Ribera Alta,2007-09-19 08:06:25,Blanco,AP-68,21,21,ZARAGOZA,-2.917043,43.07817
Obras,Euskadi,ARABA,VI,Obras,None,2007-09-17 08:52:16,Blanco,AP-68,45,45,ZARAGOZA,-2.89712,42.89861
Obras,Euskadi,ARABA,VI,Obras,Kuartango,2007-09-17 08:52:16,Blanco,AP-68,42,42,ZARAGOZA,-2.90197,42.92398
Obras,Euskadi,ARABA,VI,Obras,Ribera Baja/Erribera Beitia,2007-09-05 10:24:10,Blanco,AP-68,70,69,BILBAO,-2.894214,42.69747
Obras,Euskadi,ARABA,VI,Obras,Zambrana,2007-09-17 08:16:09,Blanco,AP-68,72,72,BILBAO,-2.88888,42.68017
Obras,Euskadi,ARABA,VI,Obras,Ribera Baja/Erribera Beitia,2007-09-05 10:24:10,Blanco,AP-68,70,69,BILBAO,-2.894214,42.69747
Obras,Euskadi,ARABA,VI,Obras,Zambrana,2007-09-17 08:16:09,Blanco,AP-68,72,72,BILBAO,-2.88888,42.68017
Obras,Euskadi,ARABA,VI,Obras,Vitoria-Gasteiz,2007-09-17 11:59:52,Amarillo,N-1,352,352,IRÚN,-2.69683,42.8802
Obras,Euskadi,ARABA,VI,Obras,Vitoria-Gasteiz,2007-09-17 11:59:52,Amarillo,N-1,352,353,IRÚN,-2.69683,42.8802
Obras,Euskadi,ARABA,VI,Obras,Ribera Alta,2007-09-17 08:52:16,Blanco,AP-68,42,42,ZARAGOZA,-2.90197,42.92398
Obras,Euskadi,ARABA,VI,Obras,Zambrana,2007-09-17 08:16:09,Blanco,AP-68,72,72,BILBAO,-2.88888,42.68017
Obras,Euskadi,ARABA,VI,Obras,Ribera Alta,2007-09-06 10:27:22,Blanco,AP-68,53,53,BILBAO,-2.89528,42.82766
Obras,Euskadi,ARABA,VI,Obras,Ribera Alta,2007-09-06 10:27:22,Amarillo,AP-68,53,53,BILBAO,-2.89528,42.82766
Obras,Euskadi,ARABA,VI,Obras,Ribera Alta,2007-09-16 21:10:45,Rojo,AP-68,54,54,BILBAO,-2.89421,42.81931
Obras,Euskadi,ARABA,VI,Obras,None,2007-09-16 16:10:41,Blanco,AP-68,52,54,ZARAGOZA,-2.894033,42.83658
Obras,Euskadi,ARABA,VI,Obras,Armiñón,2007-09-13 19:50:49,Blanco,AP-68,68,69,ZARAGOZA,-2.90503,42.71332
Obras,Euskadi,ARABA,VI,Obras,Ribera Baja/Erribera Beitia,2007-09-05 10:24:10,Blanco,AP-68,70,69,BILBAO,-2.894214,42.69747
Obras,Euskadi,ARABA,VI,Obras,Armiñón,2007-09-13 19:50:49,Blanco,AP-68,68,69,ZARAGOZA,-2.90503,42.71332
Obras,Euskadi,ARABA,VI,Obras,None,2007-09-13 19:50:49,Blanco,AP-68,68,68,ZARAGOZA,-2.90503,42.71332
Obras,Euskadi,ARABA,VI,Obras,None,2007-09-12 12:05:42,Blanco,AP-68,47,47,ZARAGOZA,-2.89352,42.88135
Obras,Euskadi,ARABA,VI,Obras,None,2007-09-12 12:05:42,Blanco,AP-68,43,43,ZARAGOZA,-2.903103,42.91535
Obras,Euskadi,ARABA,VI,Obras,None,2007-09-05 10:24:10,Blanco,AP-68,70,69,BILBAO,-2.894214,42.69747
Obras,Euskadi,ARABA,VI,Obras,Kuartango,2007-09-12 12:05:42,Blanco,AP-68,42,42,ZARAGOZA,-2.90197,42.92398
Obras,Euskadi,ARABA,VI,Obras,Ribera Baja/Erribera Beitia,2007-09-04 21:30:51,Blanco,AP-68,69,69,ZARAGOZA,-2.90131,42.70481
Obras,Euskadi,ARABA,VI,Obras,None,2007-09-14 00:02:26,Blanco,AP-68,29,29,ZARAGOZA,-2.90653,43.0159
Obras,Euskadi,ARABA,VI,Obras,Amurrio,2007-09-13 22:05:06,Blanco,AP-68,23,23,BILBAO,-2.93097,43.06346
Obras,Euskadi,ARABA,VI,Obras,Ribera Alta,2007-09-13 19:50:49,Blanco,AP-68,67,67,ZARAGOZA,-2.91333,42.71972
Obras,Euskadi,ARABA,VI,Obras,Kuartango,2007-09-12 12:05:42,Blanco,AP-68,42,42,ZARAGOZA,-2.90197,42.92398
Obras,Euskadi,ARABA,VI,Obras,Ribera Alta,2007-09-06 10:27:22,Blanco,AP-68,53,53,BILBAO,-2.89528,42.82766
Obras,Euskadi,ARABA,VI,Obras,None,2007-09-05 10:24:10,Blanco,AP-68,69,70,BILBAO,-2.90099,42.70471
Obras,Euskadi,ARABA,VI,Obras,Ribera Baja/Erribera Beitia,2007-09-04 21:30:51,Blanco,AP-68,69,69,ZARAGOZA,-2.90131,42.70481
Obras,Euskadi,ARABA,VI,Obras,None,2007-09-05 10:24:10,Blanco,AP-68,69,70,BILBAO,-2.90099,42.70471
Obras,Euskadi,ARABA,VI,Obras,Ribera Alta,2007-09-13 19:50:49,Blanco,AP-68,67,67,ZARAGOZA,-2.91333,42.71972
Obras,Euskadi,ARABA,VI,Obras,Ribera Alta,2007-09-13 19:50:49,Blanco,AP-68,67,67,ZARAGOZA,-2.91333,42.71972
Obras,Euskadi,ARABA,VI,Obras,Zambrana,2007-09-05 10:24:10,Blanco,AP-68,70,70,BILBAO,-2.894214,42.69747
Obras,Euskadi,ARABA,VI,Obras,Zambrana,2007-09-05 10:24:10,Blanco,AP-68,70,70,BILBAO,-2.894214,42.69747
Obras,Euskadi,ARABA,VI,Obras,Ribera Alta,2007-09-10 12:06:44,Blanco,AP-68,52,53,ZARAGOZA,-2.894033,42.83658
Obras,Euskadi,ARABA,VI,Obras,Kuartango,2007-09-12 12:05:42,Blanco,AP-68,42,42,ZARAGOZA,-2.90197,42.92398
Obras,Euskadi,ARABA,VI,Obras,Ribera Baja/Erribera Beitia,2007-09-12 08:24:22,Blanco,AP-68,68,66,BILBAO,-2.904834,42.71334
Obras,Euskadi,ARABA,VI,Obras,Ribera Baja/Erribera Beitia,2007-09-12 08:22:53,Blanco,AP-68,66,68,ZARAGOZA,-2.92232,42.72546
Obras,Euskadi,ARABA,VI,Obras,Ribera Baja/Erribera Beitia,2007-09-12 08:24:22,Blanco,AP-68,68,66,BILBAO,-2.904834,42.71334
Obras,Euskadi,ARABA,VI,Obras,Ribera Baja/Erribera Beitia,2007-09-12 08:22:53,Blanco,AP-68,66,68,ZARAGOZA,-2.92232,42.72546
Obras,Euskadi,ARABA,VI,Obras,Ribera Alta,2007-09-12 08:22:53,Blanco,AP-68,66,68,ZARAGOZA,-2.92232,42.72546
Obras,Euskadi,ARABA,VI,Obras,Ribera Alta,2007-09-10 12:06:44,Blanco,AP-68,52,53,ZARAGOZA,-2.894033,42.83658
Obras,Euskadi,ARABA,VI,Obras,Ribera Alta,2007-09-06 10:27:22,Blanco,AP-68,53,53,BILBAO,-2.89528,42.82766
Obras,Euskadi,ARABA,VI,Obras,Zambrana,2007-09-05 10:24:10,Blanco,AP-68,70,70,BILBAO,-2.894214,42.69747
Obras,Euskadi,ARABA,VI,Obras,Kuartango,2007-09-12 12:05:42,Blanco,AP-68,42,42,ZARAGOZA,-2.90197,42.92398
Obras,Euskadi,ARABA,VI,Obras,None,2007-09-12 12:05:42,Blanco,AP-68,42,42,ZARAGOZA,-2.90197,42.92398
Obras,Euskadi,ARABA,VI,Obras,None,2007-09-12 08:24:22,Blanco,AP-68,68,66,BILBAO,-2.904834,42.71334
Obras,Euskadi,ARABA,VI,Obras,Ribera Alta,2007-09-12 08:22:53,None,AP-68,66,68,ZARAGOZA,-2.92232,42.72546
Obras,Euskadi,ARABA,VI,Obras,None,2007-09-06 10:27:22,Blanco,AP-68,53,53,BILBAO,-2.89528,42.82766
Obras,Euskadi,ARABA,VI,Obras,Ribera Alta,2007-09-06 10:27:22,Blanco,AP-68,55,54,BILBAO,-2.90293,42.81295
Obras,Euskadi,ARABA,VI,Obras,Kuartango,2007-09-11 08:32:55,Blanco,AP-68,48,49,ZARAGOZA,-2.89306,42.87248
Obras,Euskadi,ARABA,VI,Obras,Kuartango,2007-09-11 08:33:52,Blanco,AP-68,49,48,BILBAO,-2.89375,42.86332
Obras,Euskadi,ARABA,VI,Obras,None,2007-09-11 08:32:55,Blanco,AP-68,48,49,ZARAGOZA,-2.89306,42.87248
Obras,Euskadi,ARABA,VI,Obras,Kuartango,2007-09-11 08:33:52,Blanco,AP-68,49,49,BILBAO,-2.89375,42.86332
Obras,Euskadi,ARABA,VI,Obras,None,2007-09-11 08:32:55,Blanco,AP-68,48,49,ZARAGOZA,-2.89306,42.87248
Obras,Euskadi,ARABA,VI,Obras,Ribera Alta,2007-09-06 10:27:22,Blanco,AP-68,54,54,BILBAO,-2.89421,42.81931
Obras,Euskadi,ARABA,VI,Obras,None,2007-09-11 08:33:52,Blanco,AP-68,48,48,BILBAO,-2.89271,42.87232
Obras,Euskadi,ARABA,VI,Obras,None,2007-09-11 08:32:55,Blanco,AP-68,48,49,ZARAGOZA,-2.89306,42.87248
Obras,Euskadi,ARABA,VI,Obras,None,2007-09-11 08:33:52,Blanco,AP-68,48,48,BILBAO,-2.89271,42.87232
Obras,Euskadi,ARABA,VI,Obras,None,2007-09-11 08:32:55,Blanco,AP-68,48,49,ZARAGOZA,-2.89306,42.87248
Obras,Euskadi,ARABA,VI,Obras,Ribera Alta,2007-09-10 12:06:44,Blanco,AP-68,52,53,ZARAGOZA,-2.894033,42.83658
Obras,Euskadi,ARABA,VI,Obras,Ribera Alta,2007-09-06 10:27:22,Blanco,AP-68,54,54,BILBAO,-2.89421,42.81931
Obras,Euskadi,ARABA,VI,Obras,Kuartango,2007-09-10 11:10:57,Blanco,AP-68,46,49,ZARAGOZA,-2.892964,42.89013
Obras,Euskadi,ARABA,VI,Obras,Kuartango,2007-09-10 15:59:14,Blanco,AP-68,49,46,BILBAO,-2.89375,42.86332
Obras,Euskadi,ARABA,VI,Obras,Ribera Alta,2007-09-10 12:06:44,Blanco,AP-68,52,53,ZARAGOZA,-2.894033,42.83658
Obras,Euskadi,ARABA,VI,Obras,Kuartango,2007-09-10 11:10:57,Blanco,AP-68,46,49,ZARAGOZA,-2.892964,42.89013
Obras,Euskadi,ARABA,VI,Obras,None,2007-09-10 15:59:14,Blanco,AP-68,49,46,BILBAO,-2.89375,42.86332
Obras,Euskadi,ARABA,VI,Obras,Kuartango,2007-09-10 11:10:57,Blanco,AP-68,46,49,ZARAGOZA,-2.892964,42.89013
Obras,Euskadi,ARABA,VI,Obras,Ribera Alta,2007-09-06 10:27:22,Blanco,AP-68,54,54,BILBAO,-2.89421,42.81931
Obras,Euskadi,ARABA,VI,Obras,Kuartango,2007-09-10 11:10:57,Blanco,AP-68,46,48,ZARAGOZA,-2.892964,42.89013
Obras,Euskadi,ARABA,VI,Obras,None,2007-09-10 11:10:57,Blanco,AP-68,46,48,ZARAGOZA,-2.892964,42.89013
Obras,Euskadi,ARABA,VI,Obras,Amurrio,2007-09-10 08:20:44,Blanco,AP-68,25,25,ZARAGOZA,-2.924176,43.04798
Obras,Euskadi,ARABA,VI,Obras,Ribera Alta,2007-09-06 10:27:22,Blanco,AP-68,54,54,BILBAO,-2.89421,42.81931
Obras,Euskadi,ARABA,VI,Obras,Ribera Alta,2007-09-06 10:27:22,Blanco,AP-68,54,54,BILBAO,-2.89421,42.81931
Obras,Euskadi,ARABA,VI,Obras,Ribera Alta,2007-09-06 10:27:22,Blanco,AP-68,54,54,BILBAO,-2.89421,42.81931
Obras,Euskadi,ARABA,VI,Obras,Ribera Alta,2007-09-06 10:27:22,Blanco,AP-68,54,54,BILBAO,-2.89421,42.81931
Obras,Euskadi,ARABA,VI,Obras,Zambrana,2007-09-05 10:24:10,Blanco,AP-68,70,70,BILBAO,-2.894214,42.69747
Obras,Euskadi,ARABA,VI,Obras,Zambrana,2007-09-05 10:24:10,Amarillo,AP-68,70,70,BILBAO,-2.894214,42.69747
Obras,Euskadi,ARABA,VI,Obras,None,2007-09-10 11:10:57,Blanco,AP-68,46,48,ZARAGOZA,-2.892964,42.89013
Obras,Euskadi,ARABA,VI,Obras,Ribera Baja/Erribera Beitia,2007-09-04 21:30:51,Blanco,AP-68,69,69,ZARAGOZA,-2.90131,42.70481
Obras,Euskadi,ARABA,VI,Obras,None,2007-09-10 12:06:44,Blanco,AP-68,52,53,ZARAGOZA,-2.894033,42.83658
Obras,Euskadi,ARABA,VI,Obras,None,2007-09-10 11:10:57,Blanco,AP-68,46,48,ZARAGOZA,-2.892964,42.89013
Obras,Euskadi,ARABA,VI,Obras,None,2007-09-10 09:53:50,Blanco,AP-68,43,43,ZARAGOZA,-2.903103,42.91535
Obras,Euskadi,ARABA,VI,Obras,None,2007-09-10 08:20:44,Blanco,AP-68,25,25,ZARAGOZA,-2.924176,43.04798
Obras,Euskadi,ARABA,VI,Obras,None,2007-09-06 10:27:22,Blanco,AP-68,54,54,BILBAO,-2.89421,42.81931
Obras,Euskadi,ARABA,VI,Obras,None,2007-09-06 10:27:22,Blanco,AP-68,54,54,BILBAO,-2.89421,42.81931
Obras,Euskadi,ARABA,VI,Obras,None,2007-09-06 10:27:22,Blanco,AP-68,54,54,BILBAO,-2.89421,42.81931
Obras,Euskadi,ARABA,VI,Obras,Zambrana,2007-09-05 10:24:10,Amarillo,AP-68,70,70,BILBAO,-2.894214,42.69747
Obras,Euskadi,ARABA,VI,Obras,Ribera Baja/Erribera Beitia,2007-09-04 21:30:51,Amarillo,AP-68,69,69,ZARAGOZA,-2.90131,42.70481
Obras,Euskadi,ARABA,VI,Obras,None,2007-09-06 10:27:22,Blanco,AP-68,54,54,BILBAO,-2.89421,42.81931
Obras,Euskadi,ARABA,VI,Obras,None,2007-09-07 08:20:17,Blanco,AP-68,25,25,ZARAGOZA,-2.924176,43.04798
Obras,Euskadi,ARABA,VI,Obras,None,2007-09-07 08:20:17,Blanco,AP-68,25,25,ZARAGOZA,-2.924176,43.04798
Obras,Euskadi,ARABA,VI,Obras,None,2007-09-07 07:09:29,Blanco,AP-68,42,42,ZARAGOZA,-2.90197,42.92398
Obras,Euskadi,ARABA,VI,Obras,None,2007-09-06 20:31:19,Blanco,AP-68,32,32,ZARAGOZA,-2.881823,42.99696
Obras,Euskadi,ARABA,VI,Obras,None,2007-09-06 09:03:44,Rojo,AP-68,43,46,ZARAGOZA,-2.903103,42.91535
Obras,Euskadi,ARABA,VI,Obras,None,2007-09-06 09:03:44,Rojo,AP-68,46,43,ZARAGOZA,-2.892964,42.89013
Obras,Euskadi,ARABA,VI,Obras,None,2007-09-06 10:27:22,Blanco,AP-68,53,53,BILBAO,-2.89528,42.82766
Obras,Euskadi,ARABA,VI,Obras,None,2007-09-06 10:27:22,Blanco,AP-68,53,53,BILBAO,-2.89528,42.82766
Obras,Euskadi,ARABA,VI,Obras,None,2007-09-06 10:27:22,Blanco,AP-68,61,61,BILBAO,-2.901,42.7643
Obras,Euskadi,ARABA,VI,Obras,None,2007-09-06 10:25:03,Blanco,AP-68,56,56,BILBAO,-2.9051,42.80451
Obras,Euskadi,ARABA,VI,Obras,None,2007-09-06 09:09:41,Amarillo,AP-68,47,47,BILBAO,-2.89334,42.88097
Obras,Euskadi,ARABA,VI,Obras,None,2007-09-06 09:03:44,Rojo,AP-68,44,44,ZARAGOZA,-2.89711,42.90756
Obras,Euskadi,ARABA,VI,Obras,None,2007-09-05 20:23:10,Blanco,AP-68,32,32,ZARAGOZA,-2.881823,42.99696
Obras,Euskadi,ARABA,VI,Obras,None,2007-09-05 20:23:10,Blanco,AP-68,32,32,ZARAGOZA,-2.881823,42.99696
Obras,Euskadi,ARABA,VI,Obras,None,2007-09-05 20:23:10,Blanco,AP-68,31,31,ZARAGOZA,-2.89219,43.00167
Obras,Euskadi,ARABA,VI,Obras,None,2007-09-05 16:21:25,Blanco,AP-68,45,41,BILBAO,-2.89677,42.89839
Obras,Euskadi,ARABA,VI,Obras,Zambrana,2007-09-05 10:24:10,Amarillo,AP-68,70,70,BILBAO,-2.894214,42.69747
Obras,Euskadi,ARABA,VI,Obras,None,2007-09-05 08:32:18,Blanco,AP-68,41,41,ZARAGOZA,-2.89534,42.93138
Obras,Euskadi,ARABA,VI,Obras,None,2007-09-05 08:13:26,Blanco,AP-68,51,51,ZARAGOZA,-2.89297,42.84566
Obras,Euskadi,ARABA,VI,Obras,Ribera Alta,2007-09-04 09:36:06,Amarillo,AP-68,53,53,BILBAO,-2.89528,42.82766
Obras,Euskadi,ARABA,VI,Obras,Kuartango,2007-09-04 10:00:53,Amarillo,AP-68,51,52,ZARAGOZA,-2.89297,42.84566
Obras,Euskadi,ARABA,VI,Obras,Ribera Baja/Erribera Beitia,2007-09-04 21:30:51,Amarillo,AP-68,69,69,ZARAGOZA,-2.90131,42.70481
Obras,Euskadi,ARABA,VI,Obras,None,2007-09-04 21:30:51,Amarillo,AP-68,69,69,ZARAGOZA,-2.90131,42.70481
Obras,Euskadi,ARABA,VI,Obras,None,2007-09-04 10:00:53,Amarillo,AP-68,51,52,ZARAGOZA,-2.89297,42.84566
Obras,Euskadi,ARABA,VI,Obras,None,2007-09-04 09:36:06,Amarillo,AP-68,53,53,BILBAO,-2.89528,42.82766
Obras,Euskadi,ARABA,VI,Obras,None,2007-09-04 10:00:53,Amarillo,AP-68,51,52,ZARAGOZA,-2.89297,42.84566
Obras,Euskadi,ARABA,VI,Obras,None,2007-09-04 10:01:55,Blanco,AP-68,52,52,ZARAGOZA,-2.894033,42.83658
Obras,Euskadi,ARABA,VI,Obras,None,2007-09-04 10:00:53,Amarillo,AP-68,51,51,ZARAGOZA,-2.89297,42.84566
Obras,Euskadi,ARABA,VI,Obras,None,2007-09-04 09:36:06,Amarillo,AP-68,53,53,BILBAO,-2.89528,42.82766
Obras,Euskadi,ARABA,VI,Obras,None,2007-09-04 10:01:55,Blanco,AP-68,52,52,ZARAGOZA,-2.894033,42.83658
Obras,Euskadi,ARABA,VI,Obras,None,2007-09-04 21:30:51,Amarillo,AP-68,69,69,ZARAGOZA,-2.90131,42.70481
Obras,Euskadi,ARABA,VI,Obras,None,2007-09-04 21:30:51,Amarillo,AP-68,69,69,ZARAGOZA,-2.90131,42.70481
Obras,Euskadi,ARABA,VI,Obras,None,2007-09-04 09:36:06,Amarillo,AP-68,53,53,BILBAO,-2.89528,42.82766
Obras,Euskadi,ARABA,VI,Obras,None,2007-09-04 10:01:55,Blanco,AP-68,52,52,ZARAGOZA,-2.894033,42.83658
Obras,Euskadi,ARABA,VI,Obras,None,2007-09-04 10:01:55,Blanco,AP-68,52,52,ZARAGOZA,-2.894033,42.83658
Obras,Euskadi,ARABA,VI,Obras,None,2007-09-04 10:00:53,Amarillo,AP-68,51,51,ZARAGOZA,-2.89297,42.84566
Obras,Euskadi,ARABA,VI,Obras,None,2007-09-04 09:36:06,Amarillo,AP-68,53,53,BILBAO,-2.89528,42.82766
Obras,Euskadi,ARABA,VI,Obras,Armiñón,2007-09-01 12:00:51,Blanco,N-1,329,329,IRÚN,-2.868208,42.7368
Obras,Euskadi,ARABA,VI,Obras,Armiñón,2007-09-01 12:00:51,Amarillo,N-1,329,329,IRÚN,-2.868208,42.7368
Obras,Euskadi,ARABA,VI,Obras,Armiñón,2007-09-01 12:00:51,Amarillo,N-1,329,329,IRÚN,-2.868208,42.7368
Obras,Euskadi,ARABA,VI,Obras,Iruraiz-Gauna,2007-08-30 13:19:49,Amarillo,N-1,375,375,IRÚN,-2.427863,42.85463
Obras,Euskadi,ARABA,VI,Obras,Zuia,2007-08-28 13:21:22,Blanco,AP-68,27,27,ZARAGOZA,-2.91325,43.03225
Obras,Euskadi,ARABA,VI,Obras,Armiñón,2007-08-26 21:13:56,Amarillo,AP-1,83,83,VITORIA-GASTEIZ,-2.867319,42.71783
Obras,Euskadi,ARABA,VI,Obras,Armiñón,2007-08-26 21:13:56,Blanco,AP-1,83,83,VITORIA-GASTEIZ,-2.867319,42.71783
Obras,Euskadi,ARABA,VI,Obras,Armiñón,2007-08-26 21:13:56,Blanco,AP-1,83,83,VITORIA-GASTEIZ,-2.867319,42.71783
Obras,Euskadi,ARABA,VI,Obras,Ribera Alta,2007-08-24 10:35:41,Blanco,AP-68,35,35,ZARAGOZA,-2.877197,42.97503
Obras,Euskadi,ARABA,VI,Obras,Ribera Alta,2007-08-22 10:44:27,Blanco,AP-68,31,31,ZARAGOZA,-2.89219,43.00167
Obras,Euskadi,ARABA,VI,Obras,Ribera Alta,2007-08-22 10:44:27,Blanco,AP-68,31,31,ZARAGOZA,-2.89219,43.00167
Obras,Euskadi,ARABA,VI,Obras,Armiñón,2007-08-21 18:51:30,Amarillo,AP-1,83,83,VITORIA-GASTEIZ,-2.867319,42.71783
Obras,Euskadi,ARABA,VI,Obras,Armiñón,2007-08-21 18:51:30,Blanco,AP-1,83,83,VITORIA-GASTEIZ,-2.867319,42.71783
Obras,Euskadi,ARABA,VI,Obras,Armiñón,2007-08-21 18:51:30,Blanco,AP-1,83,83,VITORIA-GASTEIZ,-2.867319,42.71783
Obras,Euskadi,ARABA,VI,Obras,Armiñón,2007-08-21 18:51:30,Blanco,AP-1,83,83,VITORIA-GASTEIZ,-2.867319,42.71783
Obras,Euskadi,ARABA,VI,Obras,Armiñón,2007-08-21 18:51:30,Blanco,AP-1,83,83,VITORIA-GASTEIZ,-2.867319,42.71783
Obras,Euskadi,ARABA,VI,Obras,None,2007-08-21 12:22:46,Amarillo,AP-68,27,27,ZARAGOZA,-2.91325,43.03225
Obras,Euskadi,ARABA,VI,Obras,None,2007-08-21 12:22:46,Amarillo,AP-68,27,27,ZARAGOZA,-2.91325,43.03225
Obras,Euskadi,ARABA,VI,Obras,Armiñón,2007-08-21 08:08:46,Amarillo,N-1,323,323,IRÚN,-2.909908,42.70812
Obras,Euskadi,ARABA,VI,Obras,Ribera Alta,2007-08-21 08:32:01,Amarillo,AP-68,69,69,BILBAO,-2.90099,42.70471
Obras,Euskadi,ARABA,VI,Obras,Ribera Alta,2007-08-21 08:32:01,Blanco,AP-68,69,69,BILBAO,-2.90099,42.70471
Obras,Euskadi,ARABA,VI,Obras,Armiñón,2007-08-21 08:08:46,Amarillo,N-1,323,323,IRÚN,-2.909908,42.70812
Obras,Euskadi,ARABA,VI,Obras,Armiñón,2007-08-21 08:08:46,Amarillo,N-1,323,323,IRÚN,-2.909908,42.70812
Obras,Euskadi,ARABA,VI,Obras,Armiñón,2007-08-20 10:48:41,Rojo,AP-1,83,83,MADRID,-2.867489,42.71807
Obras,Euskadi,ARABA,VI,Obras,Armiñón,2007-08-20 10:48:41,Amarillo,AP-1,83,83,MADRID,-2.867489,42.71807
Obras,Euskadi,ARABA,VI,Obras,Armiñón,2007-08-20 10:48:41,Blanco,AP-1,83,83,MADRID,-2.867489,42.71807
Obras,Euskadi,ARABA,VI,Obras,Armiñón,2007-08-20 10:48:41,Blanco,AP-1,83,83,VITORIA-GASTEIZ,-2.867319,42.71783
Obras,Euskadi,ARABA,VI,Obras,None,2007-08-16 09:46:06,Blanco,AP-68,37,37,BILBAO,-2.86963,42.9597
Obras,Euskadi,ARABA,VI,Obras,None,2007-08-16 09:46:06,Blanco,AP-68,37,37,BILBAO,-2.86963,42.9597
Obras,Euskadi,ARABA,VI,Obras,None,2007-08-13 09:26:40,Blanco,AP-68,31,31,BILBAO,-2.891762,43.00168
Obras,Euskadi,ARABA,VI,Obras,None,2007-08-13 09:26:40,Blanco,AP-68,31,31,BILBAO,-2.891762,43.00168
Obras,Euskadi,ARABA,VI,Obras,Ribera Alta,2007-08-09 10:17:05,Blanco,AP-68,69,69,ZARAGOZA,-2.90131,42.70481
Obras,Euskadi,ARABA,VI,Obras,None,2007-08-09 10:17:05,Blanco,AP-68,69,69,ZARAGOZA,-2.90131,42.70481
Obras,Euskadi,ARABA,VI,Obras,None,2007-08-07 09:41:57,Blanco,AP-68,59,59,ZARAGOZA,-2.90581,42.7806
Obras,Euskadi,ARABA,VI,Obras,None,2007-08-07 09:41:57,Blanco,AP-68,59,59,ZARAGOZA,-2.90581,42.7806
Obras,Euskadi,ARABA,VI,Obras,Zuia,2007-08-02 12:42:34,Blanco,AP-68,31,31,BILBAO,-2.891762,43.00168
Obras,Euskadi,ARABA,VI,Obras,Ribera Alta,2007-08-02 10:26:43,Blanco,AP-68,53,53,BILBAO,-2.89528,42.82766
Obras,Euskadi,ARABA,VI,Obras,None,2007-08-02 09:32:51,Blanco,AP-68,34,34,ZARAGOZA,-2.87067,42.98276
Obras,Euskadi,ARABA,VI,Obras,Vitoria-Gasteiz,2007-07-26 16:09:54,Blanco,N-622,6,6,VITORIA-GASTEIZ,-2.69882,42.89018
Obras,Euskadi,ARABA,VI,Obras,Ribera Alta,2007-07-26 15:49:35,Blanco,AP-68,54,54,BILBAO,-2.89421,42.81931
Obras,Euskadi,ARABA,VI,Obras,Ribera Baja/Erribera Beitia,2007-07-26 15:49:35,Blanco,AP-68,54,54,BILBAO,-2.89421,42.81931
Obras,Euskadi,ARABA,VI,Obras,Zuia,2007-07-25 09:35:43,Blanco,AP-68,32,32,ZARAGOZA,-2.881823,42.99696
Obras,Euskadi,ARABA,VI,Obras,None,2007-07-18 10:49:48,Amarillo,AP-68,35,35,ZARAGOZA,-2.877197,42.97503
Obras,Euskadi,ARABA,VI,Obras,None,2007-07-18 10:49:48,Amarillo,AP-68,35,35,ZARAGOZA,-2.877197,42.97503
Obras,Euskadi,ARABA,VI,Obras,None,2007-07-17 18:36:52,Blanco,N-102,345,343,MADRID,-2.741904,42.82839
Obras,Euskadi,ARABA,VI,Obras,None,2007-07-17 09:18:02,Blanco,AP-68,37,37,BILBAO,-2.86963,42.9597
Obras,Euskadi,ARABA,VI,Obras,Ribera Alta,2007-07-12 08:48:40,Blanco,AP-68,51,51,ZARAGOZA,-2.89297,42.84566
Obras,Euskadi,ARABA,VI,Obras,Ribera Alta,2007-07-12 08:48:40,Blanco,AP-68,51,51,ZARAGOZA,-2.89297,42.84566
Obras,Euskadi,ARABA,VI,Obras,None,2007-07-11 15:21:51,Blanco,AP-68,27,27,ZARAGOZA,-2.91325,43.03225
Obras,Euskadi,ARABA,VI,Obras,Kuartango,2007-07-11 11:26:06,Blanco,AP-68,43,43,BILBAO,-2.9027,42.91511
Obras,Euskadi,ARABA,VI,Obras,None,2007-07-11 11:26:06,Blanco,AP-68,43,43,BILBAO,-2.9027,42.91511
Obras,Euskadi,ARABA,VI,Obras,Ribera Alta,2007-07-11 10:24:25,Blanco,AP-68,42,42,ZARAGOZA,-2.90197,42.92398
Obras,Euskadi,ARABA,VI,Obras,Urkabustaiz,2007-07-10 12:06:03,Blanco,AP-68,39,39,BILBAO,-2.88562,42.94649
Obras,Euskadi,ARABA,VI,Obras,Amurrio,2007-07-10 07:04:34,Blanco,AP-68,27,28,ZARAGOZA,-2.91325,43.03225
Obras,Euskadi,ARABA,VI,Obras,None,2007-07-02 11:45:48,Blanco,AP-68,61,61,BILBAO,-2.901,42.7643
Obras,Euskadi,ARABA,VI,Obras,None,2007-07-02 09:47:37,Blanco,AP-68,49,49,ZARAGOZA,-2.893947,42.86351
Obras,Euskadi,ARABA,VI,Obras,Zuia,2007-06-29 07:36:01,Blanco,AP-68,23,23,BILBAO,-2.93097,43.06346
Obras,Euskadi,ARABA,VI,Obras,None,2007-06-27 09:11:47,Blanco,AP-68,57,57,BILBAO,-2.90299,42.79598
Obras,Euskadi,ARABA,VI,Obras,Ribera Alta,2007-06-28 08:38:06,Blanco,AP-68,51,51,ZARAGOZA,-2.89297,42.84566
Obras,Euskadi,ARABA,VI,Obras,Ribera Alta,2007-06-27 09:11:47,Blanco,AP-68,56,56,BILBAO,-2.9051,42.80451
Obras,Euskadi,ARABA,VI,Obras,Ribera Alta,2007-06-28 08:38:06,Blanco,AP-68,51,51,ZARAGOZA,-2.89297,42.84566
Obras,Euskadi,ARABA,VI,Obras,None,2007-06-28 07:11:12,Blanco,AP-68,65,65,BILBAO,-2.92213,42.73384
Obras,Euskadi,ARABA,VI,Obras,None,2007-06-28 07:11:12,Blanco,AP-68,65,65,BILBAO,-2.92213,42.73384
Obras,Euskadi,ARABA,VI,Obras,Ribera Alta,2007-06-27 09:11:47,Blanco,AP-68,48,48,BILBAO,-2.89271,42.87232
Obras,Euskadi,ARABA,VI,Obras,Ribera Alta,2007-06-28 08:38:06,Blanco,AP-68,51,51,ZARAGOZA,-2.89297,42.84566
Obras,Euskadi,ARABA,VI,Obras,Zuia,2007-06-28 07:35:11,Blanco,AP-68,36,36,BILBAO,-2.876096,42.96855
Obras,Euskadi,ARABA,VI,Obras,Zuia,2007-06-28 07:35:11,Blanco,AP-68,36,36,BILBAO,-2.876096,42.96855
Obras,Euskadi,ARABA,VI,Obras,Ribera Alta,2007-06-28 07:11:12,Blanco,AP-68,68,68,BILBAO,-2.904834,42.71334
Obras,Euskadi,ARABA,VI,Obras,None,2007-06-27 21:26:55,Blanco,AP-68,49,49,BILBAO,-2.89375,42.86332
Obras,Euskadi,ARABA,VI,Obras,None,2007-06-27 09:11:47,Blanco,AP-68,39,39,BILBAO,-2.88562,42.94649
Obras,Euskadi,ARABA,VI,Obras,Ribera Alta,2007-06-27 09:11:47,Blanco,AP-68,54,54,BILBAO,-2.89421,42.81931
Obras,Euskadi,ARABA,VI,Obras,Ribera Alta,2007-06-27 09:08:32,Blanco,AP-68,51,51,ZARAGOZA,-2.89297,42.84566
Obras,Euskadi,ARABA,VI,Obras,Ribera Alta,2007-06-27 09:11:47,Blanco,AP-68,54,54,BILBAO,-2.89421,42.81931
Obras,Euskadi,ARABA,VI,Obras,Ribera Alta,2007-06-27 09:10:34,Blanco,AP-68,50,50,ZARAGOZA,-2.89331,42.85456
Obras,Euskadi,ARABA,VI,Obras,Ribera Alta,2007-06-27 09:08:32,Blanco,AP-68,51,51,ZARAGOZA,-2.89297,42.84566
Obras,Euskadi,ARABA,VI,Obras,None,2007-06-26 23:11:28,Blanco,AP-68,73,73,BILBAO,-2.890621,42.6715
Obras,Euskadi,ARABA,VI,Obras,None,2007-06-26 22:33:10,Blanco,AP-68,71,71,ZARAGOZA,-2.89166,42.68916
Obras,Euskadi,ARABA,VI,Obras,None,2007-06-25 08:44:48,Amarillo,AP-68,43,43,BILBAO,-2.9027,42.91511
Obras,Euskadi,ARABA,VI,Obras,None,2007-06-25 08:44:48,Amarillo,AP-68,43,43,BILBAO,-2.9027,42.91511
Obras,Euskadi,ARABA,VI,Obras,None,2007-06-25 08:44:48,Amarillo,AP-68,52,52,BILBAO,-2.89389,42.83642
Obras,Euskadi,ARABA,VI,Obras,Llodio,2007-06-26 11:50:37,Blanco,AP-68,23,23,BILBAO,-2.93097,43.06346
Obras,Euskadi,ARABA,VI,Obras,None,2007-06-26 11:55:02,Blanco,AP-68,49,49,ZARAGOZA,-2.893947,42.86351
Obras,Euskadi,ARABA,VI,Obras,Ribera Alta,2007-06-26 11:55:02,Blanco,AP-68,36,36,ZARAGOZA,-2.876186,42.96837
Obras,Euskadi,ARABA,VI,Obras,Ribera Alta,2007-06-26 11:55:02,Blanco,AP-68,36,36,ZARAGOZA,-2.876186,42.96837
Obras,Euskadi,ARABA,VI,Obras,Llodio,2007-06-26 11:50:37,Blanco,AP-68,23,23,BILBAO,-2.93097,43.06346
Obras,Euskadi,ARABA,VI,Obras,None,2007-06-26 02:26:51,Blanco,AP-68,68,68,BILBAO,-2.904834,42.71334
Obras,Euskadi,ARABA,VI,Obras,None,2007-06-26 02:26:51,Blanco,AP-68,68,68,BILBAO,-2.904834,42.71334
Obras,Euskadi,ARABA,VI,Obras,None,2007-06-26 02:26:51,Blanco,AP-68,71,71,BILBAO,-2.89141,42.68887
Obras,Euskadi,ARABA,VI,Obras,None,2007-06-25 22:23:23,Blanco,AP-68,70,70,ZARAGOZA,-2.894581,42.69747
Obras,Euskadi,ARABA,VI,Obras,None,2007-06-25 22:23:23,Blanco,AP-68,70,70,ZARAGOZA,-2.894581,42.69747
Obras,Euskadi,ARABA,VI,Obras,Ribera Alta,2007-06-25 10:55:05,Blanco,AP-68,64,64,BILBAO,-2.91494,42.74106
Obras,Euskadi,ARABA,VI,Obras,Ribera Alta,2007-06-25 08:46:27,Blanco,AP-68,49,49,ZARAGOZA,-2.893947,42.86351
Obras,Euskadi,ARABA,VI,Obras,Ribera Alta,2007-06-25 08:46:27,Blanco,AP-68,49,49,ZARAGOZA,-2.893947,42.86351
Obras,Euskadi,ARABA,VI,Obras,Ribera Alta,2007-06-25 08:44:48,Blanco,AP-68,55,55,BILBAO,-2.90293,42.81295
Obras,Euskadi,ARABA,VI,Obras,None,2007-06-22 07:57:23,Blanco,AP-68,64,64,BILBAO,-2.91494,42.74106
Obras,Euskadi,ARABA,VI,Obras,Zambrana,2007-06-22 07:57:23,Blanco,AP-68,74,74,BILBAO,-2.889577,42.66271
Obras,Euskadi,ARABA,VI,Obras,None,2007-06-22 00:59:15,Blanco,AP-68,53,53,ZARAGOZA,-2.89539,42.828
Obras,Euskadi,ARABA,VI,Obras,None,2007-06-22 00:59:15,Blanco,AP-68,53,53,ZARAGOZA,-2.89539,42.828
Obras,Euskadi,ARABA,VI,Obras,Vitoria-Gasteiz,2007-06-22 00:05:30,Blanco,N-622,6,8,BILBAO,-2.69866,42.89019
Obras,Euskadi,ARABA,VI,Obras,Kuartango,2007-06-21 22:01:45,Blanco,AP-68,50,50,ZARAGOZA,-2.89331,42.85456
Obras,Euskadi,ARABA,VI,Obras,Kuartango,2007-06-21 22:01:45,Blanco,AP-68,50,50,ZARAGOZA,-2.89331,42.85456
Obras,Euskadi,ARABA,VI,Obras,Kuartango,2007-06-20 10:15:37,Blanco,AP-68,55,55,BILBAO,-2.90293,42.81295
Obras,Euskadi,ARABA,VI,Obras,Kuartango,2007-06-20 10:15:37,Blanco,AP-68,55,55,BILBAO,-2.90293,42.81295
Obras,Euskadi,ARABA,VI,Obras,Kuartango,2007-06-21 14:16:09,Blanco,AP-68,51,50,BILBAO,-2.89269,42.84543
Obras,Euskadi,ARABA,VI,Obras,Kuartango,2007-06-20 10:15:37,Blanco,AP-68,55,53,BILBAO,-2.90293,42.81295
Obras,Euskadi,ARABA,VI,Obras,Kuartango,2007-06-21 14:16:09,Blanco,AP-68,51,50,BILBAO,-2.89269,42.84543
Obras,Euskadi,ARABA,VI,Obras,None,2007-06-21 14:16:09,Blanco,AP-68,51,50,BILBAO,-2.89269,42.84543
Obras,Euskadi,ARABA,VI,Obras,None,2007-06-21 14:16:09,Blanco,AP-68,51,50,BILBAO,-2.89269,42.84543
Obras,Euskadi,ARABA,VI,Obras,Zuia,2007-06-21 07:27:12,Blanco,AP-68,41,39,BILBAO,-2.89515,42.93116
Obras,Euskadi,ARABA,VI,Obras,Kuartango,2007-06-20 10:15:37,Blanco,AP-68,55,53,BILBAO,-2.90293,42.81295
Obras,Euskadi,ARABA,VI,Obras,Ribera Alta,2007-06-11 17:09:31,Blanco,AP-68,52,53,ZARAGOZA,-2.894033,42.83658
Obras,Euskadi,ARABA,VI,Obras,None,2007-06-21 00:24:57,Blanco,AP-68,45,45,BILBAO,-2.89677,42.89839
Obras,Euskadi,ARABA,VI,Obras,None,2007-06-21 00:24:57,Blanco,AP-68,45,45,BILBAO,-2.89677,42.89839
Obras,Euskadi,ARABA,VI,Obras,Kuartango,2007-06-20 21:55:44,Blanco,AP-68,44,44,ZARAGOZA,-2.89711,42.90756
Obras,Euskadi,ARABA,VI,Obras,Kuartango,2007-06-20 10:15:37,Blanco,AP-68,55,53,BILBAO,-2.90293,42.81295
Obras,Euskadi,ARABA,VI,Obras,Kuartango,2007-06-20 10:15:37,Blanco,AP-68,55,53,BILBAO,-2.90293,42.81295
Obras,Euskadi,ARABA,VI,Obras,Urkabustaiz,2007-06-20 08:28:42,Blanco,AP-68,37,40,ZARAGOZA,-2.86974,42.96004
Obras,Euskadi,ARABA,VI,Obras,Ribera Alta,2007-06-20 08:19:15,Blanco,AP-68,53,52,BILBAO,-2.89528,42.82766
Obras,Euskadi,ARABA,VI,Obras,Kuartango,2007-06-20 10:15:37,Blanco,AP-68,55,55,BILBAO,-2.90293,42.81295
Obras,Euskadi,ARABA,VI,Obras,Kuartango,2007-06-20 10:15:37,Blanco,AP-68,55,53,BILBAO,-2.90293,42.81295
Obras,Euskadi,ARABA,VI,Obras,None,2007-06-20 08:19:15,Blanco,AP-68,53,52,BILBAO,-2.89528,42.82766
Obras,Euskadi,ARABA,VI,Obras,Zambrana,2007-06-20 08:38:34,Blanco,AP-68,71,73,ZARAGOZA,-2.89166,42.68916
Obras,Euskadi,ARABA,VI,Obras,Urkabustaiz,2007-06-20 08:26:27,Blanco,AP-68,40,37,BILBAO,-2.89336,42.93987
Obras,Euskadi,ARABA,VI,Obras,Urkabustaiz,2007-06-20 08:28:42,Blanco,AP-68,37,40,ZARAGOZA,-2.86974,42.96004
Obras,Euskadi,ARABA,VI,Obras,Urkabustaiz,2007-06-20 08:26:27,Blanco,AP-68,40,37,BILBAO,-2.89336,42.93987
Obras,Euskadi,ARABA,VI,Obras,None,2007-06-20 08:19:15,Blanco,AP-68,53,52,BILBAO,-2.89528,42.82766
Obras,Euskadi,ARABA,VI,Obras,None,2007-06-19 22:45:29,Blanco,AP-68,33,33,BILBAO,-2.873356,42.99057
Obras,Euskadi,ARABA,VI,Obras,Vitoria-Gasteiz,2007-06-19 20:19:16,Rojo,N-622,8,6,VITORIA-GASTEIZ,-2.71263,42.90498
Obras,Euskadi,ARABA,VI,Obras,Ribera Alta,2007-06-11 17:09:31,Blanco,AP-68,52,53,ZARAGOZA,-2.894033,42.83658
Obras,Euskadi,ARABA,VI,Obras,Urkabustaiz,2007-06-19 08:26:06,Blanco,AP-68,40,42,ZARAGOZA,-2.89353,42.94023
Obras,Euskadi,ARABA,VI,Obras,Kuartango,2007-06-19 08:20:03,Blanco,AP-68,42,42,BILBAO,-2.90199,42.92357
Obras,Euskadi,ARABA,VI,Obras,Kuartango,2007-06-19 08:20:03,Blanco,AP-68,42,42,BILBAO,-2.90199,42.92357
Obras,Euskadi,ARABA,VI,Obras,Ribera Alta,2007-06-19 08:00:07,Blanco,AP-68,53,52,BILBAO,-2.89528,42.82766
Obras,Euskadi,ARABA,VI,Obras,Zambrana,2007-06-19 13:29:30,Blanco,AP-68,77,77,ZARAGOZA,-2.86839,42.64229
Obras,Euskadi,ARABA,VI,Obras,Zambrana,2007-06-19 13:28:20,Blanco,AP-68,74,74,ZARAGOZA,-2.88982,42.66267
Obras,Euskadi,ARABA,VI,Obras,Ribera Alta,2007-06-11 17:09:31,Blanco,AP-68,52,53,ZARAGOZA,-2.894033,42.83658
Obras,Euskadi,ARABA,VI,Obras,Ribera Alta,2007-06-11 17:09:31,Blanco,AP-68,52,53,ZARAGOZA,-2.894033,42.83658
Obras,Euskadi,ARABA,VI,Obras,None,2007-06-19 08:00:07,Blanco,AP-68,53,52,BILBAO,-2.89528,42.82766
Obras,Euskadi,ARABA,VI,Obras,None,2007-06-19 08:00:07,Blanco,AP-68,53,52,BILBAO,-2.89528,42.82766
Obras,Euskadi,ARABA,VI,Obras,Urkabustaiz,2007-06-19 08:26:06,Blanco,AP-68,40,42,ZARAGOZA,-2.89353,42.94023
Obras,Euskadi,ARABA,VI,Obras,Urkabustaiz,2007-06-19 08:26:06,Blanco,AP-68,40,42,ZARAGOZA,-2.89353,42.94023
Obras,Euskadi,ARABA,VI,Obras,None,2007-06-19 08:20:03,Blanco,AP-68,41,41,BILBAO,-2.89515,42.93116
Obras,Euskadi,ARABA,VI,Obras,None,2007-06-19 08:20:03,Blanco,AP-68,41,41,BILBAO,-2.89515,42.93116
Obras,Euskadi,ARABA,VI,Obras,None,2007-06-19 08:20:03,Blanco,AP-68,41,41,BILBAO,-2.89515,42.93116
Obras,Euskadi,ARABA,VI,Obras,Urkabustaiz,2007-06-19 08:26:06,Blanco,AP-68,40,42,ZARAGOZA,-2.89353,42.94023
Obras,Euskadi,ARABA,VI,Obras,None,2007-06-19 08:20:03,Blanco,AP-68,41,41,BILBAO,-2.89515,42.93116
Obras,Euskadi,ARABA,VI,Obras,Urkabustaiz,2007-06-19 08:26:06,Blanco,AP-68,40,42,ZARAGOZA,-2.89353,42.94023
Obras,Euskadi,ARABA,VI,Obras,Urkabustaiz,2007-06-19 08:26:06,Blanco,AP-68,40,40,ZARAGOZA,-2.89353,42.94023
Obras,Euskadi,ARABA,VI,Obras,None,2007-06-19 08:20:03,Blanco,AP-68,41,41,BILBAO,-2.89515,42.93116
Obras,Euskadi,ARABA,VI,Obras,None,2007-06-19 08:00:07,Blanco,AP-68,53,52,BILBAO,-2.89528,42.82766
Obras,Euskadi,ARABA,VI,Obras,Vitoria-Gasteiz,2007-06-18 20:46:25,Rojo,N-622,6,8,BILBAO,-2.69866,42.89019
Obras,Euskadi,ARABA,VI,Obras,Vitoria-Gasteiz,2007-06-18 20:46:25,Rojo,N-622,6,8,BILBAO,-2.69866,42.89019
Obras,Euskadi,ARABA,VI,Obras,Kuartango,2007-06-18 14:27:31,Blanco,AP-68,43,45,ZARAGOZA,-2.903103,42.91535
Obras,Euskadi,ARABA,VI,Obras,Kuartango,2007-06-18 14:25:42,Blanco,AP-68,45,43,BILBAO,-2.89677,42.89839
Obras,Euskadi,ARABA,VI,Obras,Ribera Alta,2007-06-18 09:54:49,Blanco,AP-68,54,54,BILBAO,-2.89421,42.81931
Obras,Euskadi,ARABA,VI,Obras,Kuartango,2007-06-18 14:27:31,Blanco,AP-68,43,45,ZARAGOZA,-2.903103,42.91535
Obras,Euskadi,ARABA,VI,Obras,Kuartango,2007-06-18 14:25:42,Blanco,AP-68,45,43,BILBAO,-2.89677,42.89839
Obras,Euskadi,ARABA,VI,Obras,Ribera Alta,2007-06-18 09:54:49,Blanco,AP-68,54,54,BILBAO,-2.89421,42.81931
Obras,Euskadi,ARABA,VI,Obras,Ribera Alta,2007-06-11 17:09:31,Blanco,AP-68,52,53,ZARAGOZA,-2.894033,42.83658
Obras,Euskadi,ARABA,VI,Obras,None,2007-06-18 14:27:31,Blanco,AP-68,43,45,ZARAGOZA,-2.903103,42.91535
Obras,Euskadi,ARABA,VI,Obras,None,2007-06-18 14:25:42,Blanco,AP-68,45,43,BILBAO,-2.89677,42.89839
Obras,Euskadi,ARABA,VI,Obras,None,2007-06-18 09:54:49,Blanco,AP-68,54,54,BILBAO,-2.89421,42.81931
Obras,Euskadi,ARABA,VI,Obras,None,2007-06-11 17:09:31,Blanco,AP-68,52,53,ZARAGOZA,-2.894033,42.83658
Obras,Euskadi,ARABA,VI,Obras,None,2007-06-15 07:21:52,Amarillo,AP-68,57,57,BILBAO,-2.90299,42.79598
Obras,Euskadi,ARABA,VI,Obras,None,2007-06-15 07:21:52,Amarillo,AP-68,57,57,BILBAO,-2.90299,42.79598
Obras,Euskadi,ARABA,VI,Obras,None,2007-06-14 20:11:12,Blanco,AP-68,46,46,BILBAO,-2.89259,42.88996
Obras,Euskadi,ARABA,VI,Obras,None,2007-06-14 09:06:28,Amarillo,AP-68,59,59,BILBAO,-2.90573,42.78021
Obras,Euskadi,ARABA,VI,Obras,None,2007-06-14 08:29:13,Amarillo,AP-68,47,47,BILBAO,-2.89334,42.88097
Obras,Euskadi,ARABA,VI,Obras,None,2007-06-14 08:26:38,Amarillo,AP-68,44,47,ZARAGOZA,-2.89711,42.90756
Obras,Euskadi,ARABA,VI,Obras,None,2007-06-14 08:29:13,Amarillo,AP-68,47,47,BILBAO,-2.89334,42.88097
Obras,Euskadi,ARABA,VI,Obras,None,2007-06-14 08:26:38,Amarillo,AP-68,44,47,BILBAO,-2.896857,42.90748
Obras,Euskadi,ARABA,VI,Obras,None,2007-06-13 11:37:08,Blanco,AP-68,71,71,BILBAO,-2.89141,42.68887
Obras,Euskadi,ARABA,VI,Obras,None,2007-06-13 11:37:08,Blanco,AP-68,71,71,BILBAO,-2.89141,42.68887
Obras,Euskadi,ARABA,VI,Obras,None,2007-06-13 08:34:37,Amarillo,AP-68,45,45,ZARAGOZA,-2.89712,42.89861
Obras,Euskadi,ARABA,VI,Obras,None,2007-06-13 08:34:37,Amarillo,AP-68,47,47,ZARAGOZA,-2.89352,42.88135
Obras,Euskadi,ARABA,VI,Obras,None,2007-06-13 08:37:04,None,AP-68,47,48,BILBAO,-2.89334,42.88097
Obras,Euskadi,ARABA,VI,Obras,None,2007-06-11 17:09:31,Blanco,AP-68,52,53,ZARAGOZA,-2.894033,42.83658
Obras,Euskadi,ARABA,VI,Obras,None,2007-06-11 08:38:54,Blanco,AP-68,65,65,BILBAO,-2.92213,42.73384
Obras,Euskadi,ARABA,VI,Obras,None,2007-06-12 09:34:38,Blanco,AP-68,24,24,BILBAO,-2.931558,43.05477
Obras,Euskadi,ARABA,VI,Obras,None,2007-06-12 09:08:08,Blanco,AP-68,53,53,BILBAO,-2.89528,42.82766
Obras,Euskadi,ARABA,VI,Obras,None,2007-06-12 08:38:26,Amarillo,AP-68,51,48,BILBAO,-2.89269,42.84543
Obras,Euskadi,ARABA,VI,Obras,None,2007-06-12 08:39:57,Amarillo,AP-68,48,51,ZARAGOZA,-2.89306,42.87248
Obras,Euskadi,ARABA,VI,Obras,None,2007-06-11 17:09:31,Blanco,AP-68,52,53,ZARAGOZA,-2.894033,42.83658
Obras,Euskadi,ARABA,VI,Obras,None,2007-06-12 08:39:57,Blanco,AP-68,52,53,ZARAGOZA,-2.894033,42.83658
Obras,Euskadi,ARABA,VI,Obras,None,2007-06-12 08:39:57,Blanco,AP-68,52,53,BILBAO,-2.89389,42.83642
Obras,Euskadi,ARABA,VI,Obras,None,2007-06-12 08:38:26,Blanco,AP-68,51,48,BILBAO,-2.89269,42.84543
Obras,Euskadi,ARABA,VI,Obras,None,2007-06-12 08:38:26,Blanco,AP-68,51,48,BILBAO,-2.89269,42.84543
Obras,Euskadi,ARABA,VI,Obras,None,2007-06-12 08:39:57,Blanco,AP-68,34,34,BILBAO,-2.87059,42.98244
Obras,Euskadi,ARABA,VI,Obras,None,2007-06-12 08:38:26,Blanco,AP-68,51,48,BILBAO,-2.89269,42.84543
Obras,Euskadi,ARABA,VI,Obras,None,2007-06-11 08:38:54,Blanco,AP-68,65,65,BILBAO,-2.92213,42.73384
Obras,Euskadi,ARABA,VI,Obras,None,2007-06-11 17:09:31,Blanco,AP-68,52,52,ZARAGOZA,-2.894033,42.83658
Obras,Euskadi,ARABA,VI,Obras,None,2007-06-11 17:08:25,Blanco,AP-68,55,55,BILBAO,-2.90293,42.81295
Obras,Euskadi,ARABA,VI,Obras,None,2007-06-11 17:06:55,Blanco,AP-68,59,59,BILBAO,-2.90573,42.78021
Obras,Euskadi,ARABA,VI,Obras,None,2007-06-11 08:38:54,Blanco,AP-68,64,64,BILBAO,-2.91494,42.74106
Obras,Euskadi,ARABA,VI,Obras,None,2007-06-11 08:38:54,Blanco,AP-68,64,64,BILBAO,-2.91494,42.74106
Obras,Euskadi,ARABA,VI,Obras,None,2007-06-11 08:43:44,Blanco,AP-68,55,53,BILBAO,-2.90293,42.81295
Obras,Euskadi,ARABA,VI,Obras,None,2007-06-11 08:41:23,Blanco,AP-68,52,55,ZARAGOZA,-2.894033,42.83658
Obras,Euskadi,ARABA,VI,Obras,None,2007-06-11 08:43:44,Blanco,AP-68,57,54,BILBAO,-2.90299,42.79598
Obras,Euskadi,ARABA,VI,Obras,None,2007-06-11 10:16:01,Amarillo,AP-68,53,53,BILBAO,-2.89528,42.82766
Obras,Euskadi,ARABA,VI,Obras,Zambrana,2007-06-11 08:38:54,Blanco,AP-68,65,65,BILBAO,-2.92213,42.73384
Obras,Euskadi,ARABA,VI,Obras,None,2007-06-11 08:41:23,Amarillo,AP-68,54,57,ZARAGOZA,-2.89429,42.81965
Obras,Euskadi,ARABA,VI,Obras,Zambrana,2007-06-11 08:38:54,Blanco,AP-68,65,65,BILBAO,-2.92213,42.73384
Obras,Euskadi,ARABA,VI,Obras,None,2007-06-11 07:00:31,Amarillo,AP-68,52,52,ZARAGOZA,-2.894033,42.83658
Obras,Euskadi,ARABA,VI,Obras,Ribera Alta,2007-06-07 22:25:57,Blanco,AP-68,51,51,ZARAGOZA,-2.89297,42.84566
Obras,Euskadi,ARABA,VI,Obras,Ribera Alta,2007-06-07 10:52:23,Blanco,AP-68,53,53,BILBAO,-2.89528,42.82766
Obras,Euskadi,ARABA,VI,Obras,Ribera Alta,2007-06-07 08:42:17,Blanco,AP-68,62,62,BILBAO,-2.90586,42.75619
Obras,Euskadi,ARABA,VI,Obras,Ribera Alta,2007-06-07 10:52:23,Blanco,AP-68,53,53,BILBAO,-2.89528,42.82766
Obras,Euskadi,ARABA,VI,Obras,Ribera Alta,2007-06-07 08:42:17,Blanco,AP-68,62,62,BILBAO,-2.90586,42.75619
Obras,Euskadi,ARABA,VI,Obras,Ribera Alta,2007-06-07 22:25:57,Blanco,AP-68,51,51,ZARAGOZA,-2.89297,42.84566
Obras,Euskadi,ARABA,VI,Obras,None,2007-06-07 10:52:23,Blanco,AP-68,53,53,BILBAO,-2.89528,42.82766
Obras,Euskadi,ARABA,VI,Obras,Ribera Alta,2007-06-07 10:52:23,Blanco,AP-68,57,57,BILBAO,-2.90299,42.79598
Obras,Euskadi,ARABA,VI,Obras,None,2007-06-07 08:42:17,Blanco,AP-68,62,62,BILBAO,-2.90586,42.75619
Obras,Euskadi,ARABA,VI,Obras,Ribera Baja/Erribera Beitia,2007-06-07 10:52:23,Blanco,AP-68,53,53,BILBAO,-2.89528,42.82766
Obras,Euskadi,ARABA,VI,Obras,Ribera Alta,2007-06-07 10:22:37,Blanco,AP-68,53,53,BILBAO,-2.89528,42.82766
Obras,Euskadi,ARABA,VI,Obras,None,2007-06-07 08:42:17,Blanco,AP-68,59,58,BILBAO,-2.90573,42.78021
Obras,Euskadi,ARABA,VI,Obras,None,2007-06-07 08:42:17,Blanco,AP-68,59,58,BILBAO,-2.90573,42.78021
Obras,Euskadi,ARABA,VI,Obras,Ribera Alta,2007-05-18 09:19:20,Blanco,AP-68,52,52,ZARAGOZA,-2.894033,42.83658
Obras,Euskadi,ARABA,VI,Obras,Ribera Alta,2007-05-18 09:19:20,Blanco,AP-68,52,52,ZARAGOZA,-2.894033,42.83658
Obras,Euskadi,ARABA,VI,Obras,Ribera Baja/Erribera Beitia,2007-06-06 09:22:01,Blanco,AP-68,53,53,BILBAO,-2.89528,42.82766
Obras,Euskadi,ARABA,VI,Obras,Ribera Alta,2007-06-06 07:52:20,Blanco,AP-68,50,50,BILBAO,-2.89297,42.85442
Obras,Euskadi,ARABA,VI,Obras,None,2007-06-06 06:25:08,Blanco,AP-68,67,67,BILBAO,-2.91277,42.71977
Obras,Euskadi,ARABA,VI,Obras,Ribera Alta,2007-06-05 11:00:05,Blanco,AP-68,68,68,BILBAO,-2.904834,42.71334
Obras,Euskadi,ARABA,VI,Obras,Ribera Alta,2007-05-18 09:19:20,Blanco,AP-68,52,52,ZARAGOZA,-2.894033,42.83658
Obras,Euskadi,ARABA,VI,Obras,None,2007-06-05 11:00:05,Blanco,AP-68,69,69,BILBAO,-2.90099,42.70471
Obras,Euskadi,ARABA,VI,Obras,None,2007-06-05 11:00:05,Blanco,AP-68,69,69,BILBAO,-2.90099,42.70471
Obras,Euskadi,ARABA,VI,Obras,Kuartango,2007-05-18 09:19:20,Blanco,AP-68,51,51,ZARAGOZA,-2.89297,42.84566
Obras,Euskadi,ARABA,VI,Obras,Ribera Alta,2007-06-05 08:36:38,Blanco,AP-68,53,53,BILBAO,-2.89528,42.82766
Obras,Euskadi,ARABA,VI,Obras,Zambrana,2007-06-05 07:48:19,Blanco,AP-68,63,63,BILBAO,-2.90653,42.74746
Obras,Euskadi,ARABA,VI,Obras,Zambrana,2007-06-05 07:48:19,Blanco,AP-68,63,63,BILBAO,-2.90653,42.74746
Obras,Euskadi,ARABA,VI,Obras,Zambrana,2007-06-05 07:48:19,Blanco,AP-68,63,63,BILBAO,-2.90653,42.74746
Obras,Euskadi,ARABA,VI,Obras,Kuartango,2007-05-18 09:19:20,Blanco,AP-68,51,51,ZARAGOZA,-2.89297,42.84566
Obras,Euskadi,ARABA,VI,Obras,Kuartango,2007-05-18 09:19:20,Blanco,AP-68,51,51,ZARAGOZA,-2.89297,42.84566
Obras,Euskadi,ARABA,VI,Obras,Kuartango,2007-05-18 09:19:20,Blanco,AP-68,51,51,ZARAGOZA,-2.89297,42.84566
Obras,Euskadi,ARABA,VI,Obras,Kuartango,2007-05-18 09:19:20,Blanco,AP-68,51,51,ZARAGOZA,-2.89297,42.84566
Obras,Euskadi,ARABA,VI,Obras,Zambrana,2007-06-04 08:03:56,None,AP-68,64,64,BILBAO,-2.91494,42.74106
Obras,Euskadi,ARABA,VI,Obras,Kuartango,2007-05-18 09:19:20,Blanco,AP-68,51,51,ZARAGOZA,-2.89297,42.84566
Obras,Euskadi,ARABA,VI,Obras,None,2007-06-04 08:03:56,Amarillo,AP-68,64,64,BILBAO,-2.91494,42.74106
Obras,Euskadi,ARABA,VI,Obras,None,2007-06-04 09:41:09,Blanco,AP-68,53,53,BILBAO,-2.89528,42.82766
Obras,Euskadi,ARABA,VI,Obras,None,2007-06-04 09:41:09,Blanco,AP-68,58,58,BILBAO,-2.89901,42.78906
Obras,Euskadi,ARABA,VI,Obras,Ribera Baja/Erribera Beitia,2007-06-04 08:03:56,Amarillo,AP-68,66,64,BILBAO,-2.92183,42.72518
Obras,Euskadi,ARABA,VI,Obras,None,2007-06-01 08:58:58,Blanco,AP-68,53,53,BILBAO,-2.89528,42.82766
Obras,Euskadi,ARABA,VI,Obras,None,2007-06-01 08:16:04,Amarillo,AP-68,63,63,ZARAGOZA,-2.90674,42.74772
Obras,Euskadi,ARABA,VI,Obras,None,2007-06-01 08:13:52,Amarillo,AP-68,66,66,BILBAO,-2.92183,42.72518
Obras,Euskadi,ARABA,VI,Obras,None,2007-05-31 11:56:08,Blanco,AP-68,51,51,ZARAGOZA,-2.89297,42.84566
Obras,Euskadi,ARABA,VI,Obras,Ribera Baja/Erribera Beitia,2007-05-31 06:07:07,Blanco,AP-68,68,68,BILBAO,-2.904834,42.71334
Obras,Euskadi,ARABA,VI,Obras,Zuia,2007-05-31 14:33:02,Blanco,AP-68,27,27,ZARAGOZA,-2.91325,43.03225
Obras,Euskadi,ARABA,VI,Obras,Ribera Baja/Erribera Beitia,2007-05-31 11:56:08,Blanco,AP-68,65,65,ZARAGOZA,-2.92224,42.73424
Obras,Euskadi,ARABA,VI,Obras,Ribera Alta,2007-05-31 09:42:33,Blanco,AP-68,53,53,BILBAO,-2.89528,42.82766
Obras,Euskadi,ARABA,VI,Obras,Ribera Baja/Erribera Beitia,2007-05-31 06:07:07,Blanco,AP-68,68,68,BILBAO,-2.904834,42.71334
Obras,Euskadi,ARABA,VI,Obras,None,2007-05-31 06:07:07,Blanco,AP-68,68,68,BILBAO,-2.904834,42.71334
Obras,Euskadi,ARABA,VI,Obras,None,2007-05-31 06:07:07,Blanco,AP-68,68,68,BILBAO,-2.904834,42.71334
Obras,Euskadi,ARABA,VI,Obras,None,2007-05-31 06:07:07,Blanco,AP-68,69,69,BILBAO,-2.90099,42.70471
Obras,Euskadi,ARABA,VI,Obras,None,2007-05-31 06:07:07,None,AP-68,69,69,BILBAO,-2.90099,42.70471
Obras,Euskadi,ARABA,VI,Obras,None,2007-05-31 11:56:08,Blanco,AP-68,65,65,ZARAGOZA,-2.92224,42.73424
Obras,Euskadi,ARABA,VI,Obras,None,2007-05-31 09:42:33,Blanco,AP-68,53,53,BILBAO,-2.89528,42.82766
Obras,Euskadi,ARABA,VI,Obras,None,2007-05-31 06:07:07,Amarillo,AP-68,69,68,BILBAO,-2.90099,42.70471
Obras,Euskadi,ARABA,VI,Obras,Ribera Baja/Erribera Beitia,2007-05-30 07:34:31,Blanco,AP-68,69,69,BILBAO,-2.90099,42.70471
Obras,Euskadi,ARABA,VI,Obras,Ribera Alta,2007-05-30 08:00:36,Blanco,AP-68,53,53,BILBAO,-2.89528,42.82766
Obras,Euskadi,ARABA,VI,Obras,Ribera Baja/Erribera Beitia,2007-05-30 07:34:31,Blanco,AP-68,69,69,BILBAO,-2.90099,42.70471
Obras,Euskadi,ARABA,VI,Obras,Zuia,2007-05-30 12:00:27,Blanco,AP-68,30,30,BILBAO,-2.899748,43.00846
Obras,Euskadi,ARABA,VI,Obras,None,2007-05-30 08:00:36,Blanco,AP-68,53,53,BILBAO,-2.89528,42.82766
Obras,Euskadi,ARABA,VI,Obras,None,2007-05-30 07:34:31,Blanco,AP-68,69,69,BILBAO,-2.90099,42.70471
Obras,Euskadi,ARABA,VI,Obras,Ribera Alta,2007-05-29 07:41:01,Blanco,AP-68,53,53,BILBAO,-2.89528,42.82766
Obras,Euskadi,ARABA,VI,Obras,None,2007-05-29 09:10:00,Blanco,AP-68,25,25,ZARAGOZA,-2.924176,43.04798
Obras,Euskadi,ARABA,VI,Obras,None,2007-05-29 09:10:00,Blanco,AP-68,25,25,ZARAGOZA,-2.924176,43.04798
Obras,Euskadi,ARABA,VI,Obras,None,2007-05-29 08:19:20,Blanco,AP-68,47,47,ZARAGOZA,-2.89352,42.88135
Obras,Euskadi,ARABA,VI,Obras,None,2007-05-29 07:41:01,Blanco,AP-68,53,53,BILBAO,-2.89528,42.82766
Obras,Euskadi,ARABA,VI,Obras,Ribera Alta,2007-05-28 07:56:35,Blanco,AP-68,53,53,BILBAO,-2.89528,42.82766
Obras,Euskadi,ARABA,VI,Obras,None,2007-05-28 07:56:35,Blanco,AP-68,53,53,BILBAO,-2.89528,42.82766
Obras,Euskadi,ARABA,VI,Obras,Kuartango,2007-05-18 09:19:20,Blanco,AP-68,51,51,ZARAGOZA,-2.89297,42.84566
Obras,Euskadi,ARABA,VI,Obras,Kuartango,2007-05-18 09:19:20,Blanco,AP-68,51,51,ZARAGOZA,-2.89297,42.84566
Obras,Euskadi,ARABA,VI,Obras,Zuia,2007-05-25 11:22:26,Blanco,AP-68,47,47,ZARAGOZA,-2.89352,42.88135
Obras,Euskadi,ARABA,VI,Obras,Zuia,2007-05-25 11:22:26,Blanco,AP-68,47,47,ZARAGOZA,-2.89352,42.88135
Obras,Euskadi,ARABA,VI,Obras,Ribera Alta,2007-05-25 08:31:07,Blanco,AP-68,54,54,BILBAO,-2.89421,42.81931
Obras,Euskadi,ARABA,VI,Obras,None,2007-05-25 09:43:51,Blanco,AP-68,30,30,BILBAO,-2.899748,43.00846
Obras,Euskadi,ARABA,VI,Obras,Ribera Alta,2007-05-25 08:31:07,Blanco,AP-68,54,54,BILBAO,-2.89421,42.81931
Obras,Euskadi,ARABA,VI,Obras,Kuartango,2007-05-18 09:19:20,Blanco,AP-68,51,51,ZARAGOZA,-2.89297,42.84566
Obras,Euskadi,ARABA,VI,Obras,Ribera Alta,2007-05-24 09:47:17,Blanco,AP-68,53,53,BILBAO,-2.89528,42.82766
Obras,Euskadi,ARABA,VI,Obras,Zigoitia,2007-05-23 09:33:19,Amarillo,N-622,9,9,VITORIA-GASTEIZ,-2.71983,42.91232
Obras,Euskadi,ARABA,VI,Obras,Zigoitia,2007-05-23 09:33:19,Amarillo,N-622,9,9,VITORIA-GASTEIZ,-2.71983,42.91232
Obras,Euskadi,ARABA,VI,Obras,Ribera Alta,2007-05-22 13:41:39,Blanco,AP-68,33,33,ZARAGOZA,-2.87367,42.99056
Obras,Euskadi,ARABA,VI,Obras,Ribera Alta,2007-05-23 09:09:42,Blanco,AP-68,53,53,BILBAO,-2.89528,42.82766
Obras,Euskadi,ARABA,VI,Obras,Ribera Alta,2007-05-22 13:41:39,Blanco,AP-68,44,44,ZARAGOZA,-2.89711,42.90756
Obras,Euskadi,ARABA,VI,Obras,Ribera Alta,2007-05-22 13:41:39,Blanco,AP-68,44,44,ZARAGOZA,-2.89711,42.90756
Obras,Euskadi,ARABA,VI,Obras,None,2007-05-22 13:41:39,Blanco,AP-68,44,44,ZARAGOZA,-2.89711,42.90756
Obras,Euskadi,ARABA,VI,Obras,Ribera Alta,2007-05-22 07:34:15,Blanco,AP-68,53,53,BILBAO,-2.89528,42.82766
Obras,Euskadi,ARABA,VI,Obras,Ribera Alta,2007-05-22 07:34:15,Blanco,AP-68,53,53,BILBAO,-2.89528,42.82766
Obras,Euskadi,ARABA,VI,Obras,Kuartango,2007-05-22 06:57:37,Blanco,AP-68,51,51,ZARAGOZA,-2.89297,42.84566
Obras,Euskadi,ARABA,VI,Obras,Kuartango,2007-05-18 09:19:20,Blanco,AP-68,51,51,ZARAGOZA,-2.89297,42.84566
Obras,Euskadi,ARABA,VI,Obras,Armiñón,2007-05-19 01:01:02,Blanco,N-1,327,327,IRÚN,-2.868649,42.72015
Obras,Euskadi,ARABA,VI,Obras,Armiñón,2007-05-19 01:01:02,Blanco,N-1,327,327,IRÚN,-2.868649,42.72015
Obras,Euskadi,ARABA,VI,Obras,Zuia,2007-05-16 11:59:27,Blanco,AP-68,34,34,ZARAGOZA,-2.87067,42.98276
Obras,Euskadi,ARABA,VI,Obras,Urkabustaiz,2007-05-18 10:06:30,Blanco,AP-68,39,39,BILBAO,-2.88562,42.94649
Obras,Euskadi,ARABA,VI,Obras,Kuartango,2007-05-18 09:19:20,Blanco,AP-68,51,51,ZARAGOZA,-2.89297,42.84566
Obras,Euskadi,ARABA,VI,Obras,Ribera Alta,2007-05-18 08:00:59,Blanco,AP-68,53,53,BILBAO,-2.89528,42.82766
Obras,Euskadi,ARABA,VI,Obras,Zuia,2007-05-16 11:59:27,Blanco,AP-68,34,34,ZARAGOZA,-2.87067,42.98276
Obras,Euskadi,ARABA,VI,Obras,None,2007-05-16 11:59:27,Blanco,AP-68,34,34,ZARAGOZA,-2.87067,42.98276
Obras,Euskadi,ARABA,VI,Obras,None,2007-05-16 11:59:27,Blanco,AP-68,34,34,ZARAGOZA,-2.87067,42.98276
Obras,Euskadi,ARABA,VI,Obras,None,2007-05-14 07:28:52,Blanco,AP-68,53,53,BILBAO,-2.89528,42.82766
Obras,Euskadi,ARABA,VI,Obras,Urkabustaiz,2007-05-17 16:39:04,Blanco,AP-68,39,39,BILBAO,-2.88562,42.94649
Obras,Euskadi,ARABA,VI,Obras,Urkabustaiz,2007-05-16 11:59:27,Blanco,AP-68,41,41,ZARAGOZA,-2.89534,42.93138
Obras,Euskadi,ARABA,VI,Obras,Kuartango,2007-05-14 07:28:52,Blanco,AP-68,43,43,BILBAO,-2.9027,42.91511
Obras,Euskadi,ARABA,VI,Obras,Kuartango,2007-05-07 08:10:05,Blanco,AP-68,51,51,ZARAGOZA,-2.89297,42.84566
Obras,Euskadi,ARABA,VI,Obras,Kuartango,2007-05-14 07:28:52,Blanco,AP-68,43,43,BILBAO,-2.9027,42.91511
Obras,Euskadi,ARABA,VI,Obras,Armiñón,2007-05-16 21:50:57,Amarillo,N-1,327,329,IRÚN,-2.868649,42.72015
Obras,Euskadi,ARABA,VI,Obras,Armiñón,2007-05-16 21:50:57,Amarillo,N-1,327,329,IRÚN,-2.868649,42.72015
Obras,Euskadi,ARABA,VI,Obras,Armiñón,2007-05-16 21:50:57,Amarillo,N-1,327,327,IRÚN,-2.868649,42.72015
Obras,Euskadi,ARABA,VI,Obras,Urkabustaiz,2007-05-16 11:59:27,Blanco,AP-68,41,41,ZARAGOZA,-2.89534,42.93138
Obras,Euskadi,ARABA,VI,Obras,Kuartango,2007-05-07 08:10:05,Blanco,AP-68,51,51,ZARAGOZA,-2.89297,42.84566
Obras,Euskadi,ARABA,VI,Obras,Kuartango,2007-05-07 08:10:05,Blanco,AP-68,51,51,ZARAGOZA,-2.89297,42.84566
Obras,Euskadi,ARABA,VI,Obras,Kuartango,2007-05-07 08:10:05,Blanco,AP-68,51,51,ZARAGOZA,-2.89297,42.84566
Obras,Euskadi,ARABA,VI,Obras,Kuartango,2007-05-14 07:28:52,Blanco,AP-68,43,43,BILBAO,-2.9027,42.91511
Obras,Euskadi,ARABA,VI,Obras,None,2007-05-14 07:28:52,Blanco,AP-68,43,43,BILBAO,-2.9027,42.91511
Obras,Euskadi,ARABA,VI,Obras,Kuartango,2007-05-14 07:28:52,Blanco,AP-68,49,49,BILBAO,-2.89375,42.86332
Obras,Euskadi,ARABA,VI,Obras,Kuartango,2007-05-14 07:28:52,Blanco,AP-68,49,49,BILBAO,-2.89375,42.86332
Obras,Euskadi,ARABA,VI,Obras,None,2007-05-14 07:28:52,Blanco,AP-68,49,49,BILBAO,-2.89375,42.86332
Obras,Euskadi,ARABA,VI,Obras,Ribera Alta,2007-05-14 07:28:52,Blanco,AP-68,58,58,BILBAO,-2.89901,42.78906
Obras,Euskadi,ARABA,VI,Obras,None,2007-05-14 11:39:43,Blanco,AP-68,33,33,BILBAO,-2.873356,42.99057
Obras,Euskadi,ARABA,VI,Obras,None,2007-05-14 11:39:43,Blanco,AP-68,33,33,BILBAO,-2.873356,42.99057
Obras,Euskadi,ARABA,VI,Obras,Ribera Alta,2007-05-14 07:28:52,Blanco,AP-68,58,58,BILBAO,-2.89901,42.78906
Obras,Euskadi,ARABA,VI,Obras,None,2007-05-14 11:39:43,Blanco,AP-68,33,33,BILBAO,-2.873356,42.99057
Obras,Euskadi,ARABA,VI,Obras,Kuartango,2007-05-07 08:10:05,Blanco,AP-68,51,51,ZARAGOZA,-2.89297,42.84566
Obras,Euskadi,ARABA,VI,Obras,Ribera Alta,2007-05-14 07:28:52,Blanco,AP-68,55,55,BILBAO,-2.90293,42.81295
Obras,Euskadi,ARABA,VI,Obras,None,2007-05-11 07:50:11,Blanco,AP-68,53,53,BILBAO,-2.89528,42.82766
Obras,Euskadi,ARABA,VI,Obras,None,2007-05-11 07:50:11,Blanco,AP-68,53,53,BILBAO,-2.89528,42.82766
Obras,Euskadi,ARABA,VI,Obras,Ribera Baja/Erribera Beitia,2007-05-10 07:53:43,Blanco,AP-68,56,56,BILBAO,-2.9051,42.80451
Obras,Euskadi,ARABA,VI,Obras,None,2007-05-09 08:03:40,Blanco,AP-68,53,53,BILBAO,-2.89528,42.82766
Obras,Euskadi,ARABA,VI,Obras,None,2007-05-09 08:03:40,Blanco,AP-68,53,53,BILBAO,-2.89528,42.82766
Obras,Euskadi,ARABA,VI,Obras,None,2007-05-09 08:03:40,Blanco,AP-68,53,53,BILBAO,-2.89528,42.82766
Obras,Euskadi,ARABA,VI,Obras,None,2007-05-09 08:00:28,Blanco,AP-68,33,33,ZARAGOZA,-2.87367,42.99056
Obras,Euskadi,ARABA,VI,Obras,None,2007-05-09 07:39:33,Blanco,AP-68,60,60,BILBAO,-2.90723,42.7718
Obras,Euskadi,ARABA,VI,Obras,Ribera Baja/Erribera Beitia,2007-05-08 07:12:31,Blanco,AP-68,65,65,BILBAO,-2.92213,42.73384
Obras,Euskadi,ARABA,VI,Obras,Zigoitia,2007-05-08 08:22:31,Amarillo,N-622,12,12,BILBAO,-2.743428,42.93217
Obras,Euskadi,ARABA,VI,Obras,None,2007-05-08 07:58:01,Blanco,AP-68,58,58,BILBAO,-2.89901,42.78906
Obras,Euskadi,ARABA,VI,Obras,None,2007-05-08 07:58:01,Blanco,AP-68,53,53,BILBAO,-2.89528,42.82766
Obras,Euskadi,ARABA,VI,Obras,Ribera Baja/Erribera Beitia,2007-05-08 07:12:31,Blanco,AP-68,65,65,BILBAO,-2.92213,42.73384
Obras,Euskadi,ARABA,VI,Obras,Ribera Baja/Erribera Beitia,2007-05-07 07:16:06,Blanco,AP-68,74,74,BILBAO,-2.889577,42.66271
Obras,Euskadi,ARABA,VI,Obras,None,2007-05-07 08:29:23,Blanco,AP-68,58,58,BILBAO,-2.89901,42.78906
Obras,Euskadi,ARABA,VI,Obras,None,2007-05-07 08:10:05,Blanco,AP-68,51,51,ZARAGOZA,-2.89297,42.84566
Obras,Euskadi,ARABA,VI,Obras,Vitoria-Gasteiz,2007-05-07 09:00:54,Blanco,N-622,10,10,BILBAO,-2.726305,42.91981
Obras,Euskadi,ARABA,VI,Obras,None,2007-05-07 09:00:54,Blanco,N-622,10,10,BILBAO,-2.726305,42.91981
Obras,Euskadi,ARABA,VI,Obras,Ribera Baja/Erribera Beitia,2007-05-07 08:29:23,Blanco,AP-68,53,53,BILBAO,-2.89528,42.82766
Obras,Euskadi,ARABA,VI,Obras,Ribera Baja/Erribera Beitia,2007-05-07 08:29:23,Blanco,AP-68,53,53,BILBAO,-2.89528,42.82766
Obras,Euskadi,ARABA,VI,Obras,None,2007-05-07 08:10:05,Blanco,AP-68,51,51,ZARAGOZA,-2.89297,42.84566
Obras,Euskadi,ARABA,VI,Obras,None,2007-05-07 08:10:05,Blanco,AP-68,51,51,ZARAGOZA,-2.89297,42.84566
Obras,Euskadi,ARABA,VI,Obras,Ribera Baja/Erribera Beitia,2007-05-07 07:16:06,Blanco,AP-68,74,74,BILBAO,-2.889577,42.66271
Obras,Euskadi,ARABA,VI,Obras,Ribera Baja/Erribera Beitia,2007-05-07 07:16:06,Blanco,AP-68,74,74,BILBAO,-2.889577,42.66271
Obras,Euskadi,ARABA,VI,Obras,None,2007-05-04 11:30:32,Blanco,AP-68,45,45,ZARAGOZA,-2.89712,42.89861
Obras,Euskadi,ARABA,VI,Obras,Zuia,2007-05-04 08:54:48,Blanco,AP-68,32,32,ZARAGOZA,-2.881823,42.99696
Obras,Euskadi,ARABA,VI,Obras,None,2007-05-04 08:08:00,Blanco,AP-68,53,53,BILBAO,-2.89528,42.82766
Obras,Euskadi,ARABA,VI,Obras,None,2007-05-02 07:42:53,Blanco,AP-68,53,53,BILBAO,-2.89528,42.82766
Obras,Euskadi,ARABA,VI,Obras,Kuartango,2007-05-02 09:45:52,Blanco,AP-68,51,51,ZARAGOZA,-2.89297,42.84566
Obras,Euskadi,ARABA,VI,Obras,Zuia,2007-05-03 15:44:58,Blanco,AP-68,39,39,BILBAO,-2.88562,42.94649
Obras,Euskadi,ARABA,VI,Obras,Ribera Baja/Erribera Beitia,2007-05-03 09:50:48,Blanco,AP-1,78,78,VITORIA-GASTEIZ,-2.919183,42.70359
Obras,Euskadi,ARABA,VI,Obras,None,2007-05-03 09:50:48,Blanco,AP-1,78,78,VITORIA-GASTEIZ,-2.919183,42.70359
Obras,Euskadi,ARABA,VI,Obras,Kuartango,2007-05-02 09:45:52,Blanco,AP-68,51,51,ZARAGOZA,-2.89297,42.84566
Obras,Euskadi,ARABA,VI,Obras,Kuartango,2007-05-02 09:45:52,Blanco,AP-68,51,51,ZARAGOZA,-2.89297,42.84566
Obras,Euskadi,ARABA,VI,Obras,None,2007-05-02 09:45:52,Blanco,AP-68,51,51,ZARAGOZA,-2.89297,42.84566
Obras,Euskadi,ARABA,VI,Obras,None,2007-05-02 09:45:52,Blanco,AP-68,51,51,ZARAGOZA,-2.89297,42.84566
Obras,Euskadi,ARABA,VI,Obras,Kuartango,2007-05-02 07:42:53,Blanco,AP-68,46,45,BILBAO,-2.89259,42.88996
Obras,Euskadi,ARABA,VI,Obras,None,2007-05-02 07:42:53,Blanco,AP-68,46,45,BILBAO,-2.89259,42.88996
Obras,Euskadi,ARABA,VI,Obras,Kuartango,2007-04-24 19:29:02,Blanco,AP-68,52,52,BILBAO,-2.89389,42.83642
Obras,Euskadi,ARABA,VI,Obras,None,2007-04-27 08:07:24,Blanco,AP-68,53,53,BILBAO,-2.89528,42.82766
Obras,Euskadi,ARABA,VI,Obras,Vitoria-Gasteiz,2007-04-26 13:40:31,Blanco,N-1,346,344,MADRID,-2.748895,42.84813
Obras,Euskadi,ARABA,VI,Obras,None,2007-04-26 13:40:31,Blanco,N-1,346,344,MADRID,-2.748895,42.84813
Obras,Euskadi,ARABA,VI,Obras,None,2007-04-26 13:40:31,Blanco,N-1,346,344,MADRID,-2.748895,42.84813
Obras,Euskadi,ARABA,VI,Obras,None,2007-04-26 13:40:31,Blanco,N-1,348,345,MADRID,-2.736609,42.86344
Obras,Euskadi,ARABA,VI,Obras,Kuartango,2007-04-25 13:22:49,Blanco,AP-68,47,47,BILBAO,-2.89334,42.88097
Obras,Euskadi,ARABA,VI,Obras,Kuartango,2007-04-24 19:29:02,Blanco,AP-68,52,52,BILBAO,-2.89389,42.83642
Obras,Euskadi,ARABA,VI,Obras,None,2007-04-25 13:22:49,Blanco,AP-68,47,47,BILBAO,-2.89334,42.88097
Obras,Euskadi,ARABA,VI,Obras,Kuartango,2007-04-25 13:22:49,Blanco,AP-68,49,49,BILBAO,-2.89375,42.86332
Obras,Euskadi,ARABA,VI,Obras,Ribera Alta,2007-04-25 10:46:38,Blanco,AP-68,62,62,BILBAO,-2.90586,42.75619
Obras,Euskadi,ARABA,VI,Obras,None,2007-04-25 10:46:38,Blanco,AP-68,62,62,BILBAO,-2.90586,42.75619
Obras,Euskadi,ARABA,VI,Obras,None,2007-04-25 13:22:49,Blanco,AP-68,49,49,BILBAO,-2.89375,42.86332
Obras,Euskadi,ARABA,VI,Obras,None,2007-04-25 10:46:38,Blanco,AP-68,62,62,BILBAO,-2.90586,42.75619
Obras,Euskadi,ARABA,VI,Obras,None,2007-04-25 08:06:58,Blanco,AP-68,50,50,ZARAGOZA,-2.89331,42.85456
Obras,Euskadi,ARABA,VI,Obras,None,2007-04-25 08:06:58,Blanco,AP-68,50,50,ZARAGOZA,-2.89331,42.85456
Obras,Euskadi,ARABA,VI,Obras,Ribera Baja/Erribera Beitia,2007-04-24 20:05:27,Amarillo,N-1,322,322,MADRID,-2.91879,42.7027
Obras,Euskadi,ARABA,VI,Obras,Kuartango,2007-04-24 19:29:02,Blanco,AP-68,52,52,BILBAO,-2.89389,42.83642
Obras,Euskadi,ARABA,VI,Obras,Armiñón,2007-04-24 18:52:02,Rojo,N-1,328,335,MADRID,-2.871539,42.72894
Obras,Euskadi,ARABA,VI,Obras,Armiñón,2007-04-24 18:52:02,Rojo,N-1,328,335,MADRID,-2.871539,42.72894
Obras,Euskadi,ARABA,VI,Obras,None,2007-04-24 18:52:02,Rojo,N-1,328,328,IRÚN,-2.870384,42.72882
Obras,Euskadi,ARABA,VI,Obras,Kuartango,2007-04-24 08:44:27,Blanco,AP-68,49,49,ZARAGOZA,-2.893947,42.86351
Obras,Euskadi,ARABA,VI,Obras,Zuia,2007-04-24 12:38:47,Blanco,AP-68,28,28,ZARAGOZA,-2.912526,43.02347
Obras,Euskadi,ARABA,VI,Obras,Kuartango,2007-04-24 08:44:27,Blanco,AP-68,47,47,ZARAGOZA,-2.89352,42.88135
Obras,Euskadi,ARABA,VI,Obras,None,2007-04-24 12:38:47,Blanco,AP-68,28,28,ZARAGOZA,-2.912526,43.02347
Obras,Euskadi,ARABA,VI,Obras,None,2007-04-24 09:00:19,Blanco,N-622,23,23,BILBAO,-2.86133,42.96279
Obras,Euskadi,ARABA,VI,Obras,None,2007-04-24 08:44:27,Blanco,AP-68,47,47,ZARAGOZA,-2.89352,42.88135
Obras,Euskadi,ARABA,VI,Obras,Legutiano,2007-04-24 08:37:21,Blanco,N-240,12,12,VITORIA-GASTEIZ,-2.63963,42.94338
Obras,Euskadi,ARABA,VI,Obras,Ribera Alta,2007-04-23 08:27:41,Blanco,AP-68,56,56,BILBAO,-2.9051,42.80451
Obras,Euskadi,ARABA,VI,Obras,Ribera Alta,2007-04-23 08:27:41,Blanco,AP-68,56,56,BILBAO,-2.9051,42.80451
Obras,Euskadi,ARABA,VI,Obras,None,2007-04-23 08:27:41,Blanco,AP-68,56,56,BILBAO,-2.9051,42.80451
Obras,Euskadi,ARABA,VI,Obras,Kuartango,2007-04-23 08:41:24,Blanco,AP-68,45,45,ZARAGOZA,-2.89712,42.89861
Obras,Euskadi,ARABA,VI,Obras,Ribera Alta,2007-04-23 08:27:41,Blanco,AP-68,53,53,BILBAO,-2.89528,42.82766
Obras,Euskadi,ARABA,VI,Obras,None,2007-04-23 08:27:41,Blanco,AP-68,53,53,BILBAO,-2.89528,42.82766
Obras,Euskadi,ARABA,VI,Obras,Ribera Alta,2007-04-23 07:26:50,Blanco,AP-68,59,59,BILBAO,-2.90573,42.78021
Obras,Euskadi,ARABA,VI,Obras,Ribera Alta,2007-04-23 08:41:24,Blanco,AP-68,45,45,ZARAGOZA,-2.89712,42.89861
Obras,Euskadi,ARABA,VI,Obras,None,2007-04-23 08:27:41,Blanco,AP-68,53,53,BILBAO,-2.89528,42.82766
Obras,Euskadi,ARABA,VI,Obras,None,2007-04-23 08:27:41,Blanco,AP-68,53,53,BILBAO,-2.89528,42.82766
Obras,Euskadi,ARABA,VI,Obras,None,2007-04-23 07:26:50,Blanco,AP-68,59,59,BILBAO,-2.90573,42.78021
Obras,Euskadi,ARABA,VI,Obras,Ribera Alta,2007-04-20 17:37:32,Blanco,AP-68,63,63,BILBAO,-2.90653,42.74746
Obras,Euskadi,ARABA,VI,Obras,Ribera Baja/Erribera Beitia,2007-04-20 08:21:22,Blanco,AP-68,53,53,BILBAO,-2.89528,42.82766
Obras,Euskadi,ARABA,VI,Obras,None,2007-04-18 15:58:41,Blanco,AP-68,61,61,BILBAO,-2.901,42.7643
Obras,Euskadi,ARABA,VI,Obras,None,2007-04-18 15:58:41,Blanco,AP-68,61,61,BILBAO,-2.901,42.7643
Obras,Euskadi,ARABA,VI,Obras,Ribera Alta,2007-04-18 15:58:41,Blanco,AP-68,72,72,BILBAO,-2.88888,42.68017
Obras,Euskadi,ARABA,VI,Obras,Ribera Alta,2007-04-19 09:05:26,Blanco,AP-68,53,53,BILBAO,-2.89528,42.82766
Obras,Euskadi,ARABA,VI,Obras,Ribera Alta,2007-04-19 09:05:26,Blanco,AP-68,53,53,BILBAO,-2.89528,42.82766
Obras,Euskadi,ARABA,VI,Obras,Ribera Baja/Erribera Beitia,2007-04-19 07:57:07,Blanco,AP-68,68,68,ZARAGOZA,-2.90503,42.71332
Obras,Euskadi,ARABA,VI,Obras,Ribera Baja/Erribera Beitia,2007-04-18 07:59:18,Blanco,AP-68,53,53,BILBAO,-2.89528,42.82766
Obras,Euskadi,ARABA,VI,Obras,Ribera Alta,2007-04-18 15:58:41,Blanco,AP-68,72,72,BILBAO,-2.88888,42.68017
Obras,Euskadi,ARABA,VI,Obras,Ribera Baja/Erribera Beitia,2007-04-18 08:30:19,Blanco,AP-68,50,68,ZARAGOZA,-2.89331,42.85456
Obras,Euskadi,ARABA,VI,Obras,Ribera Alta,2007-04-18 08:53:24,None,AP-68,43,43,ZARAGOZA,-2.903103,42.91535
Obras,Euskadi,ARABA,VI,Obras,Ribera Baja/Erribera Beitia,2007-04-18 08:30:19,Blanco,AP-68,50,67,ZARAGOZA,-2.89331,42.85456
Obras,Euskadi,ARABA,VI,Obras,Ribera Baja/Erribera Beitia,2007-04-18 08:30:19,Blanco,AP-68,50,67,ZARAGOZA,-2.89331,42.85456
Obras,Euskadi,ARABA,VI,Obras,Ribera Baja/Erribera Beitia,2007-04-18 07:59:18,Blanco,AP-68,53,53,BILBAO,-2.89528,42.82766
Obras,Euskadi,ARABA,VI,Obras,None,2007-04-17 08:22:47,Blanco,AP-68,53,53,BILBAO,-2.89528,42.82766
Obras,Euskadi,ARABA,VI,Obras,Ribera Baja/Erribera Beitia,2007-04-17 08:23:43,Blanco,AP-68,70,70,BILBAO,-2.894214,42.69747
Obras,Euskadi,ARABA,VI,Obras,None,2007-04-16 08:10:49,Blanco,AP-68,68,68,ZARAGOZA,-2.90503,42.71332
Obras,Euskadi,ARABA,VI,Obras,Amurrio,2007-04-17 08:38:59,Blanco,AP-68,37,37,ZARAGOZA,-2.86974,42.96004
Obras,Euskadi,ARABA,VI,Obras,Amurrio,2007-04-17 08:38:59,Blanco,AP-68,37,37,ZARAGOZA,-2.86974,42.96004
Obras,Euskadi,ARABA,VI,Obras,None,2007-04-17 08:34:20,Blanco,N-622,10,10,BILBAO,-2.726305,42.91981
Obras,Euskadi,ARABA,VI,Obras,Ribera Baja/Erribera Beitia,2007-04-17 08:23:43,Blanco,AP-68,70,70,BILBAO,-2.894214,42.69747
Obras,Euskadi,ARABA,VI,Obras,None,2007-04-17 08:22:47,Blanco,AP-68,53,53,BILBAO,-2.89528,42.82766
Obras,Euskadi,ARABA,VI,Obras,None,2007-04-16 08:10:49,Blanco,AP-68,68,68,ZARAGOZA,-2.90503,42.71332
Obras,Euskadi,ARABA,VI,Obras,None,2007-04-16 08:10:49,Blanco,AP-68,67,67,ZARAGOZA,-2.91333,42.71972
Obras,Euskadi,ARABA,VI,Obras,Ribera Alta,2007-04-16 08:10:49,Blanco,AP-68,68,68,ZARAGOZA,-2.90503,42.71332
Obras,Euskadi,ARABA,VI,Obras,Amurrio,2007-04-16 11:14:22,Blanco,AP-68,26,26,BILBAO,-2.91992,43.03931
Obras,Euskadi,ARABA,VI,Obras,Amurrio,2007-04-16 11:14:21,Blanco,AP-68,26,26,BILBAO,-2.91992,43.03931
Obras,Euskadi,ARABA,VI,Obras,Kuartango,2007-04-13 14:11:04,Blanco,AP-68,43,43,ZARAGOZA,-2.903103,42.91535
Obras,Euskadi,ARABA,VI,Obras,Ribera Alta,2007-04-16 09:12:02,Blanco,AP-68,72,72,BILBAO,-2.88888,42.68017
Obras,Euskadi,ARABA,VI,Obras,Kuartango,2007-04-13 14:11:04,Blanco,AP-68,43,47,ZARAGOZA,-2.903103,42.91535
Obras,Euskadi,ARABA,VI,Obras,Kuartango,2007-04-13 14:11:04,Blanco,AP-68,43,47,ZARAGOZA,-2.903103,42.91535
Obras,Euskadi,ARABA,VI,Obras,Ribera Alta,2007-04-16 08:10:49,Blanco,AP-68,68,68,ZARAGOZA,-2.90503,42.71332
Obras,Euskadi,ARABA,VI,Obras,Vitoria-Gasteiz,2007-04-15 17:30:13,Blanco,N-1,341,341,IRÚN,-2.787284,42.81546
Obras,Euskadi,ARABA,VI,Obras,Kuartango,2007-04-13 14:11:04,Blanco,AP-68,43,47,ZARAGOZA,-2.903103,42.91535
Obras,Euskadi,ARABA,VI,Obras,Kuartango,2007-04-10 08:26:01,Blanco,AP-68,48,48,ZARAGOZA,-2.89306,42.87248
Obras,Euskadi,ARABA,VI,Obras,Ribera Baja/Erribera Beitia,2007-04-13 08:01:27,Blanco,AP-68,66,66,ZARAGOZA,-2.92232,42.72546
Obras,Euskadi,ARABA,VI,Obras,None,2007-04-10 08:26:01,Blanco,AP-68,48,48,ZARAGOZA,-2.89306,42.87248
Obras,Euskadi,ARABA,VI,Obras,None,2007-04-10 08:26:01,Blanco,AP-68,48,48,ZARAGOZA,-2.89306,42.87248
Obras,Euskadi,ARABA,VI,Obras,None,2007-04-10 08:26:01,Blanco,AP-68,47,47,ZARAGOZA,-2.89352,42.88135
Obras,Euskadi,ARABA,VI,Obras,None,2007-04-10 08:26:01,Blanco,AP-68,47,47,ZARAGOZA,-2.89352,42.88135
Obras,Euskadi,ARABA,VI,Obras,Kuartango,2007-04-10 08:26:01,Blanco,AP-68,46,46,ZARAGOZA,-2.892964,42.89013
Obras,Euskadi,ARABA,VI,Obras,Ribera Alta,2007-04-12 08:42:57,Blanco,AP-68,53,53,BILBAO,-2.89528,42.82766
Obras,Euskadi,ARABA,VI,Obras,Ribera Baja/Erribera Beitia,2007-04-12 08:36:11,Blanco,AP-68,65,65,ZARAGOZA,-2.92224,42.73424
Obras,Euskadi,ARABA,VI,Obras,None,2007-04-12 08:42:57,Blanco,AP-68,53,53,BILBAO,-2.89528,42.82766
Obras,Euskadi,ARABA,VI,Obras,None,2007-04-12 08:36:11,Blanco,AP-68,65,65,ZARAGOZA,-2.92224,42.73424
Obras,Euskadi,ARABA,VI,Obras,Kuartango,2007-04-10 08:26:01,Blanco,AP-68,44,44,ZARAGOZA,-2.89711,42.90756
Obras,Euskadi,ARABA,VI,Obras,Ribera Alta,2007-04-11 08:33:50,Blanco,AP-68,53,53,BILBAO,-2.89528,42.82766
Obras,Euskadi,ARABA,VI,Obras,Ribera Baja/Erribera Beitia,2007-04-11 08:15:29,Blanco,AP-68,65,65,ZARAGOZA,-2.92224,42.73424
Obras,Euskadi,ARABA,VI,Obras,Kuartango,2007-04-10 08:26:01,Blanco,AP-68,44,44,ZARAGOZA,-2.89711,42.90756
Obras,Euskadi,ARABA,VI,Obras,None,2007-04-10 08:26:01,Blanco,AP-68,44,44,ZARAGOZA,-2.89711,42.90756
Obras,Euskadi,ARABA,VI,Obras,None,2007-04-10 08:26:01,Blanco,AP-68,43,43,ZARAGOZA,-2.903103,42.91535
Obras,Euskadi,ARABA,VI,Obras,Salvatierra/Agurain,2007-04-10 12:55:30,Rojo,N-1,380,380,IRÚN,-2.376802,42.84841
Obras,Euskadi,ARABA,VI,Obras,None,2007-04-10 08:26:01,Blanco,AP-68,35,35,ZARAGOZA,-2.877197,42.97503
Obras,Euskadi,ARABA,VI,Obras,Armiñón,2007-04-10 07:50:42,Blanco,AP-68,65,65,ZARAGOZA,-2.92224,42.73424
Obras,Euskadi,ARABA,VI,Obras,Ribera Alta,2007-04-03 08:26:18,Blanco,AP-68,53,53,BILBAO,-2.89528,42.82766
Obras,Euskadi,ARABA,VI,Obras,Ribera Alta,2007-04-03 08:26:18,Blanco,AP-68,53,51,BILBAO,-2.89528,42.82766
Obras,Euskadi,ARABA,VI,Obras,Ribera Alta,2007-04-03 08:26:18,Blanco,AP-68,53,53,BILBAO,-2.89528,42.82766
Obras,Euskadi,ARABA,VI,Obras,Ribera Alta,2007-04-02 08:28:26,Blanco,AP-68,53,53,BILBAO,-2.89528,42.82766
Obras,Euskadi,ARABA,VI,Obras,None,2007-03-30 13:01:46,Blanco,AP-68,52,52,BILBAO,-2.89389,42.83642
Obras,Euskadi,ARABA,VI,Obras,None,2007-03-30 09:49:27,Blanco,AP-68,26,26,BILBAO,-2.91992,43.03931
Obras,Euskadi,ARABA,VI,Obras,None,2007-03-29 08:20:19,Blanco,AP-68,62,62,ZARAGOZA,-2.90606,42.75644
Obras,Euskadi,ARABA,VI,Obras,None,2007-03-29 07:19:07,Blanco,AP-68,59,59,BILBAO,-2.90573,42.78021
Obras,Euskadi,ARABA,VI,Obras,None,2007-03-29 08:55:38,Blanco,AP-68,53,53,BILBAO,-2.89528,42.82766
Obras,Euskadi,ARABA,VI,Obras,None,2007-03-29 08:55:38,Blanco,AP-68,53,53,BILBAO,-2.89528,42.82766
Obras,Euskadi,ARABA,VI,Obras,None,2007-03-29 08:20:19,Blanco,AP-68,62,62,ZARAGOZA,-2.90606,42.75644
Obras,Euskadi,ARABA,VI,Obras,None,2007-03-29 07:19:07,Blanco,AP-68,59,59,BILBAO,-2.90573,42.78021
Obras,Euskadi,ARABA,VI,Obras,Ribera Baja/Erribera Beitia,2007-03-28 16:14:22,Blanco,AP-68,53,53,BILBAO,-2.89528,42.82766
Obras,Euskadi,ARABA,VI,Obras,None,2007-03-28 08:31:06,Blanco,AP-68,29,29,ZARAGOZA,-2.90653,43.0159
Obras,Euskadi,ARABA,VI,Obras,Ribera Alta,2007-03-28 09:18:03,Blanco,AP-68,61,61,ZARAGOZA,-2.90134,42.76451
Obras,Euskadi,ARABA,VI,Obras,None,2007-03-28 09:18:03,Blanco,AP-68,61,61,ZARAGOZA,-2.90134,42.76451
Obras,Euskadi,ARABA,VI,Obras,None,2007-03-28 08:42:02,Blanco,AP-68,58,58,BILBAO,-2.89901,42.78906
Obras,Euskadi,ARABA,VI,Obras,None,2007-03-28 08:31:06,Blanco,AP-68,29,29,ZARAGOZA,-2.90653,43.0159
Obras,Euskadi,ARABA,VI,Obras,None,2007-03-27 13:26:08,Blanco,AP-68,60,60,ZARAGOZA,-2.90772,42.77201
Obras,Euskadi,ARABA,VI,Obras,None,2007-03-27 09:03:21,Blanco,AP-68,41,41,ZARAGOZA,-2.89534,42.93138
Obras,Euskadi,ARABA,VI,Obras,None,2007-03-27 08:31:00,Blanco,AP-68,23,23,ZARAGOZA,-2.931188,43.06375
Obras,Euskadi,ARABA,VI,Obras,None,2007-03-27 08:27:43,Blanco,AP-68,53,53,BILBAO,-2.89528,42.82766
Obras,Euskadi,ARABA,VI,Obras,None,2007-03-26 14:16:31,Blanco,AP-68,53,53,BILBAO,-2.89528,42.82766
Obras,Euskadi,ARABA,VI,Obras,Vitoria-Gasteiz,2007-03-26 09:02:41,Amarillo,N-1,352,352,IRÚN,-2.69683,42.8802
Obras,Euskadi,ARABA,VI,Obras,Vitoria-Gasteiz,2007-03-26 09:02:41,Amarillo,N-1,352,352,IRÚN,-2.69683,42.8802
Obras,Euskadi,ARABA,VI,Obras,None,2007-03-26 09:29:16,Blanco,AP-68,30,30,BILBAO,-2.899748,43.00846
Obras,Euskadi,ARABA,VI,Obras,Ribera Baja/Erribera Beitia,2007-03-26 09:12:35,Blanco,N-1,323,323,IRÚN,-2.909908,42.70812
Obras,Euskadi,ARABA,VI,Obras,Ribera Baja/Erribera Beitia,2007-03-26 09:12:35,Blanco,N-1,323,323,IRÚN,-2.909908,42.70812
Obras,Euskadi,ARABA,VI,Obras,None,2007-03-26 08:39:11,Blanco,AP-68,41,41,ZARAGOZA,-2.89534,42.93138
Obras,Euskadi,ARABA,VI,Obras,Zambrana,2007-03-19 08:14:45,Blanco,AP-68,72,72,BILBAO,-2.88888,42.68017
Obras,Euskadi,ARABA,VI,Obras,Ribera Alta,2007-03-16 08:35:07,Blanco,AP-68,61,61,ZARAGOZA,-2.90134,42.76451
Obras,Euskadi,ARABA,VI,Obras,Ribera Alta,2007-03-16 08:35:07,Blanco,AP-68,61,61,ZARAGOZA,-2.90134,42.76451
Obras,Euskadi,ARABA,VI,Obras,Ribera Alta,2007-03-16 08:09:37,Blanco,AP-68,53,53,BILBAO,-2.89528,42.82766
Obras,Euskadi,ARABA,VI,Obras,Ribera Alta,2007-03-15 09:05:06,Blanco,AP-68,73,73,BILBAO,-2.890621,42.6715
Obras,Euskadi,ARABA,VI,Obras,Ribera Alta,2007-03-15 09:05:06,Blanco,AP-68,73,73,BILBAO,-2.890621,42.6715
Obras,Euskadi,ARABA,VI,Obras,None,2007-03-15 08:40:01,Blanco,AP-68,33,33,ZARAGOZA,-2.87367,42.99056
Obras,Euskadi,ARABA,VI,Obras,Ribera Alta,2007-03-15 08:25:42,Blanco,AP-68,53,53,BILBAO,-2.89528,42.82766
Obras,Euskadi,ARABA,VI,Obras,Vitoria-Gasteiz,2007-03-14 17:01:36,Blanco,N-1,352,352,MADRID,-2.6963,42.88038
Obras,Euskadi,ARABA,VI,Obras,Vitoria-Gasteiz,2007-03-14 17:03:28,Blanco,N-622,5,5,BILBAO,-2.69503,42.88119
Obras,Euskadi,ARABA,VI,Obras,Vitoria-Gasteiz,2007-03-14 17:01:36,Blanco,N-1,352,352,MADRID,-2.6963,42.88038
Obras,Euskadi,ARABA,VI,Obras,Ribera Baja/Erribera Beitia,2007-03-14 08:16:19,Blanco,AP-68,53,53,BILBAO,-2.89528,42.82766
Obras,Euskadi,ARABA,VI,Obras,Ribera Baja/Erribera Beitia,2007-03-13 10:03:27,Blanco,AP-68,24,24,BILBAO,-2.931558,43.05477
Obras,Euskadi,ARABA,VI,Obras,Ribera Baja/Erribera Beitia,2007-03-13 10:03:27,Blanco,AP-68,24,24,BILBAO,-2.931558,43.05477
Obras,Euskadi,ARABA,VI,Obras,Ribera Baja/Erribera Beitia,2007-03-13 08:24:44,Blanco,AP-68,53,53,BILBAO,-2.89528,42.82766
Obras,Euskadi,ARABA,VI,Obras,Ribera Baja/Erribera Beitia,2007-03-13 07:57:28,Blanco,AP-68,53,53,BILBAO,-2.89528,42.82766
Obras,Euskadi,ARABA,VI,Obras,Ribera Baja/Erribera Beitia,2007-03-13 07:57:28,Blanco,AP-68,53,53,BILBAO,-2.89528,42.82766
Obras,Euskadi,ARABA,VI,Obras,Ribera Alta,2007-03-12 12:50:56,Blanco,AP-68,27,27,BILBAO,-2.91289,43.03213
Obras,Euskadi,ARABA,VI,Obras,None,2007-03-12 11:33:21,Blanco,AP-68,0,0,ZARAGOZA,-2.91827,43.23505
Obras,Euskadi,ARABA,VI,Obras,Ribera Alta,2007-03-12 08:51:41,Blanco,AP-68,34,34,BILBAO,-2.87059,42.98244
Obras,Euskadi,ARABA,VI,Obras,Ribera Alta,2007-03-12 08:03:33,Blanco,AP-68,53,53,BILBAO,-2.89528,42.82766
Obras,Euskadi,ARABA,VI,Obras,Ribera Alta,2007-03-09 08:11:21,Blanco,AP-68,53,53,BILBAO,-2.89528,42.82766
Obras,Euskadi,ARABA,VI,Obras,Ribera Alta,2007-03-08 08:14:06,Blanco,AP-68,53,53,BILBAO,-2.89528,42.82766
Obras,Euskadi,ARABA,VI,Obras,None,2007-03-08 08:14:06,Blanco,AP-68,53,53,BILBAO,-2.89528,42.82766
Obras,Euskadi,ARABA,VI,Obras,Zuia,2007-03-07 15:22:27,Blanco,AP-68,29,29,BILBAO,-2.906144,43.01588
Obras,Euskadi,ARABA,VI,Obras,Ribera Alta,2007-03-07 14:18:37,Blanco,AP-68,58,58,ZARAGOZA,-2.89953,42.78738
Obras,Euskadi,ARABA,VI,Obras,Ribera Alta,2007-03-07 08:10:24,Blanco,AP-68,58,58,BILBAO,-2.89901,42.78906
Obras,Euskadi,ARABA,VI,Obras,Zuia,2007-03-07 08:03:26,Blanco,AP-68,34,34,BILBAO,-2.87059,42.98244
Obras,Euskadi,ARABA,VI,Obras,Zuia,2007-03-06 12:54:06,Blanco,AP-68,37,37,BILBAO,-2.86963,42.9597
Obras,Euskadi,ARABA,VI,Obras,Ribera Alta,2007-03-06 09:02:37,Blanco,AP-68,58,58,BILBAO,-2.89901,42.78906
Obras,Euskadi,ARABA,VI,Obras,None,2007-03-06 09:02:37,Blanco,AP-68,58,58,BILBAO,-2.89901,42.78906
Obras,Euskadi,ARABA,VI,Obras,Ribera Alta,2007-03-05 09:12:39,Blanco,AP-68,58,58,BILBAO,-2.89901,42.78906
Obras,Euskadi,ARABA,VI,Obras,None,2007-03-05 09:12:39,Blanco,AP-68,58,58,BILBAO,-2.89901,42.78906
Obras,Euskadi,ARABA,VI,Obras,None,2007-03-02 08:05:10,Blanco,AP-68,62,62,BILBAO,-2.90586,42.75619
Obras,Euskadi,ARABA,VI,Obras,None,2007-03-02 08:05:10,Blanco,AP-68,62,62,BILBAO,-2.90586,42.75619
Obras,Euskadi,ARABA,VI,Obras,None,2007-03-02 08:05:10,Blanco,AP-68,62,62,BILBAO,-2.90586,42.75619
Obras,Euskadi,ARABA,VI,Obras,None,2007-03-01 08:17:49,Blanco,AP-68,64,64,BILBAO,-2.91494,42.74106
Obras,Euskadi,ARABA,VI,Obras,None,2007-03-01 08:17:49,Blanco,AP-68,64,64,BILBAO,-2.91494,42.74106
Obras,Euskadi,ARABA,VI,Obras,None,2007-02-28 08:16:11,Blanco,AP-68,59,59,BILBAO,-2.90573,42.78021
Obras,Euskadi,ARABA,VI,Obras,None,2007-02-28 07:58:21,Blanco,AP-68,47,47,BILBAO,-2.89334,42.88097
Obras,Euskadi,ARABA,VI,Obras,None,2007-02-28 08:16:11,Blanco,AP-68,58,58,BILBAO,-2.89901,42.78906
Obras,Euskadi,ARABA,VI,Obras,None,2007-02-28 07:58:21,Blanco,AP-68,33,33,BILBAO,-2.873356,42.99057
Obras,Euskadi,ARABA,VI,Obras,None,2007-02-27 08:06:29,Blanco,AP-68,74,74,BILBAO,-2.889577,42.66271
Obras,Euskadi,ARABA,VI,Obras,None,2007-02-27 08:06:29,Blanco,AP-68,74,74,BILBAO,-2.889577,42.66271
Obras,Euskadi,ARABA,VI,Obras,Zambrana,2007-02-27 08:06:29,Blanco,AP-68,68,68,BILBAO,-2.904834,42.71334
Obras,Euskadi,ARABA,VI,Obras,None,2007-02-26 08:57:39,Blanco,AP-68,58,58,ZARAGOZA,-2.89953,42.78738
Obras,Euskadi,ARABA,VI,Obras,Zambrana,2007-02-26 08:28:57,Blanco,AP-68,68,68,BILBAO,-2.904834,42.71334
Obras,Euskadi,ARABA,VI,Obras,Ribera Baja/Erribera Beitia,2007-02-23 08:28:13,Blanco,AP-68,67,67,BILBAO,-2.91277,42.71977
Obras,Euskadi,ARABA,VI,Obras,Zuia,2007-02-22 12:53:07,Blanco,AP-68,30,30,ZARAGOZA,-2.900082,43.0085
Obras,Euskadi,ARABA,VI,Obras,Ribera Alta,2007-02-22 08:39:38,Blanco,AP-68,53,53,BILBAO,-2.89528,42.82766
Obras,Euskadi,ARABA,VI,Obras,None,2007-02-22 08:39:38,Blanco,AP-68,53,53,BILBAO,-2.89528,42.82766
Obras,Euskadi,ARABA,VI,Obras,Ribera Baja/Erribera Beitia,2007-02-22 08:02:10,Blanco,AP-68,70,70,BILBAO,-2.894214,42.69747
Obras,Euskadi,ARABA,VI,Obras,Ribera Baja/Erribera Beitia,2007-02-22 08:02:10,Blanco,AP-68,70,70,BILBAO,-2.894214,42.69747
Obras,Euskadi,ARABA,VI,Obras,Ribera Alta,2007-02-21 09:30:43,Blanco,AP-68,53,53,BILBAO,-2.89528,42.82766
Obras,Euskadi,ARABA,VI,Obras,Ribera Alta,2007-02-21 09:30:43,Blanco,AP-68,53,53,BILBAO,-2.89528,42.82766
Obras,Euskadi,ARABA,VI,Obras,Ribera Alta,2007-02-21 09:30:43,Blanco,AP-68,53,53,BILBAO,-2.89528,42.82766
Obras,Euskadi,ARABA,VI,Obras,Ribera Alta,2007-02-21 09:30:43,Blanco,AP-68,53,53,BILBAO,-2.89528,42.82766
Obras,Euskadi,ARABA,VI,Obras,Zambrana,2007-02-20 08:52:12,Blanco,AP-68,70,70,BILBAO,-2.894214,42.69747
Obras,Euskadi,ARABA,VI,Obras,None,2007-02-20 08:52:12,Blanco,AP-68,70,70,BILBAO,-2.894214,42.69747
Obras,Euskadi,ARABA,VI,Obras,Kuartango,2007-02-20 08:17:48,Blanco,AP-68,63,63,ZARAGOZA,-2.90674,42.74772
Obras,Euskadi,ARABA,VI,Obras,None,2007-02-19 12:22:42,Blanco,AP-68,62,62,ZARAGOZA,-2.90606,42.75644
Obras,Euskadi,ARABA,VI,Obras,Ribera Alta,2007-02-19 12:22:42,Blanco,AP-68,60,60,ZARAGOZA,-2.90772,42.77201
Obras,Euskadi,ARABA,VI,Obras,Ribera Alta,2007-02-16 08:08:17,Blanco,AP-68,56,56,ZARAGOZA,-2.90542,42.80467
Obras,Euskadi,ARABA,VI,Obras,Armiñón,2007-02-15 23:24:58,Blanco,N-1,327,327,IRÚN,-2.868649,42.72015
Obras,Euskadi,ARABA,VI,Obras,Armiñón,2007-02-15 23:24:58,Blanco,N-1,327,327,IRÚN,-2.868649,42.72015
Obras,Euskadi,ARABA,VI,Obras,Kuartango,2007-02-15 08:20:40,Blanco,AP-68,52,52,ZARAGOZA,-2.894033,42.83658
Obras,Euskadi,ARABA,VI,Obras,None,2007-02-15 08:20:40,Blanco,AP-68,52,52,ZARAGOZA,-2.894033,42.83658
Obras,Euskadi,ARABA,VI,Obras,Ribera Alta,2007-02-15 08:20:40,Blanco,AP-68,48,48,ZARAGOZA,-2.89306,42.87248
Obras,Euskadi,ARABA,VI,Obras,Ribera Alta,2007-02-14 08:36:44,Blanco,AP-68,53,53,ZARAGOZA,-2.89539,42.828
Obras,Euskadi,ARABA,VI,Obras,None,2007-02-14 08:36:44,Blanco,AP-68,53,53,ZARAGOZA,-2.89539,42.828
Obras,Euskadi,ARABA,VI,Obras,Ribera Alta,2007-02-14 08:36:44,Blanco,AP-68,54,54,ZARAGOZA,-2.89429,42.81965
Obras,Euskadi,ARABA,VI,Obras,Armiñón,2007-02-13 08:46:55,Blanco,N-1,327,327,IRÚN,-2.868649,42.72015
Obras,Euskadi,ARABA,VI,Obras,Ribera Baja/Erribera Beitia,2007-02-13 08:32:12,Blanco,AP-68,45,45,ZARAGOZA,-2.89712,42.89861
Obras,Euskadi,ARABA,VI,Obras,Vitoria-Gasteiz,2007-02-13 08:46:55,Blanco,N-1,327,327,IRÚN,-2.868649,42.72015
Obras,Euskadi,ARABA,VI,Obras,Vitoria-Gasteiz,2007-02-13 08:46:55,Blanco,N-1,327,327,IRÚN,-2.868649,42.72015
Obras,Euskadi,ARABA,VI,Obras,Ribera Baja/Erribera Beitia,2007-02-13 08:32:12,Blanco,AP-68,45,45,ZARAGOZA,-2.89712,42.89861
Obras,Euskadi,ARABA,VI,Obras,Kuartango,2007-02-12 09:33:59,Blanco,AP-68,46,46,BILBAO,-2.89259,42.88996
Obras,Euskadi,ARABA,VI,Obras,Kuartango,2007-02-12 15:47:15,Blanco,AP-68,43,43,ZARAGOZA,-2.903103,42.91535
Obras,Euskadi,ARABA,VI,Obras,None,2007-02-12 09:33:59,Blanco,AP-68,46,46,BILBAO,-2.89259,42.88996
Obras,Euskadi,ARABA,VI,Obras,None,2007-02-12 09:33:59,Blanco,AP-68,46,46,BILBAO,-2.89259,42.88996
Obras,Euskadi,ARABA,VI,Obras,Ribera Baja/Erribera Beitia,2007-02-09 08:36:16,Blanco,AP-68,49,49,BILBAO,-2.89375,42.86332
Obras,Euskadi,ARABA,VI,Obras,Ribera Baja/Erribera Beitia,2007-02-08 08:45:10,Blanco,AP-68,58,58,BILBAO,-2.89901,42.78906
Obras,Euskadi,ARABA,VI,Obras,Ribera Baja/Erribera Beitia,2007-02-08 08:45:10,Blanco,AP-68,58,58,BILBAO,-2.89901,42.78906
Obras,Euskadi,ARABA,VI,Obras,Armiñón,2007-02-07 08:33:16,Blanco,N-1,327,327,IRÚN,-2.868649,42.72015
Obras,Euskadi,ARABA,VI,Obras,None,2007-02-06 12:39:56,Blanco,AP-68,52,52,BILBAO,-2.89389,42.83642
Obras,Euskadi,ARABA,VI,Obras,None,2007-02-06 12:39:56,Blanco,AP-68,57,57,BILBAO,-2.90299,42.79598
Obras,Euskadi,ARABA,VI,Obras,None,2007-02-06 12:39:56,Blanco,AP-68,57,57,BILBAO,-2.90299,42.79598
Obras,Euskadi,ARABA,VI,Obras,None,2007-02-06 11:42:14,Blanco,N-622,4,4,VITORIA-GASTEIZ,-2.69143,42.87316
Obras,Euskadi,ARABA,VI,Obras,Armiñón,2007-02-06 11:19:21,Blanco,N-1,329,329,IRÚN,-2.868208,42.7368
Obras,Euskadi,ARABA,VI,Obras,None,2007-02-06 09:56:27,Blanco,AP-68,29,29,BILBAO,-2.906144,43.01588
Obras,Euskadi,ARABA,VI,Obras,None,2007-02-06 08:39:59,Blanco,AP-68,59,59,BILBAO,-2.90573,42.78021
Obras,Euskadi,ARABA,VI,Obras,None,2007-02-05 10:36:31,Blanco,AP-68,58,58,BILBAO,-2.89901,42.78906
Obras,Euskadi,ARABA,VI,Obras,None,2007-02-05 10:36:31,Blanco,AP-68,58,58,BILBAO,-2.89901,42.78906
Obras,Euskadi,ARABA,VI,Obras,Ribera Alta,2007-02-05 10:36:31,Blanco,AP-68,60,60,BILBAO,-2.90723,42.7718
Obras,Euskadi,ARABA,VI,Obras,Ribera Alta,2007-02-05 10:36:31,Blanco,AP-68,60,60,BILBAO,-2.90723,42.7718
Obras,Euskadi,ARABA,VI,Obras,Ribera Alta,2007-02-05 10:36:31,Blanco,AP-68,60,60,BILBAO,-2.90723,42.7718
Obras,Euskadi,ARABA,VI,Obras,Zambrana,2007-02-02 08:30:26,Blanco,AP-68,66,66,BILBAO,-2.92183,42.72518
Obras,Euskadi,ARABA,VI,Obras,Zambrana,2007-02-01 08:26:00,Blanco,AP-68,68,68,BILBAO,-2.904834,42.71334
Obras,Euskadi,ARABA,VI,Obras,Zambrana,2007-02-01 08:26:00,Blanco,AP-68,68,68,BILBAO,-2.904834,42.71334
Obras,Euskadi,ARABA,VI,Obras,Armiñón,2007-01-31 15:43:25,Blanco,N-1,327,327,IRÚN,-2.868649,42.72015
Obras,Euskadi,ARABA,VI,Obras,Armiñón,2007-01-31 15:43:25,Blanco,N-1,327,327,IRÚN,-2.868649,42.72015
Obras,Euskadi,ARABA,VI,Obras,Armiñón,2007-01-31 15:43:25,Amarillo,N-1,327,327,IRÚN,-2.868649,42.72015
Obras,Euskadi,ARABA,VI,Obras,Armiñón,2007-01-31 15:43:25,Rojo,N-1,327,327,IRÚN,-2.868649,42.72015
Obras,Euskadi,ARABA,VI,Obras,Armiñón,2007-01-31 15:43:25,Rojo,N-1,327,327,IRÚN,-2.868649,42.72015
Obras,Euskadi,ARABA,VI,Obras,Armiñón,2007-01-31 15:43:25,Rojo,N-1,327,327,IRÚN,-2.868649,42.72015
Obras,Euskadi,ARABA,VI,Obras,Armiñón,2007-01-31 15:43:25,Rojo,N-1,327,327,IRÚN,-2.868649,42.72015
Obras,Euskadi,ARABA,VI,Obras,None,2007-01-31 10:01:14,Blanco,AP-68,30,30,BILBAO,-2.899748,43.00846
Obras,Euskadi,ARABA,VI,Obras,None,2007-01-31 08:41:10,Blanco,AP-68,71,71,BILBAO,-2.89141,42.68887
Obras,Euskadi,ARABA,VI,Obras,None,2007-01-30 15:15:58,Amarillo,AP-68,72,72,BILBAO,-2.88888,42.68017
Obras,Euskadi,ARABA,VI,Obras,None,2007-01-30 15:15:58,Amarillo,AP-68,77,77,ZARAGOZA,-2.86839,42.64229
Obras,Euskadi,ARABA,VI,Obras,None,2007-01-30 15:15:58,Amarillo,AP-68,77,77,ZARAGOZA,-2.86839,42.64229
Obras,Euskadi,ARABA,VI,Obras,Ribera Baja/Erribera Beitia,2007-01-29 14:58:11,Blanco,AP-68,68,68,ZARAGOZA,-2.90503,42.71332
Obras,Euskadi,ARABA,VI,Obras,Ribera Alta,2007-01-29 14:58:11,Blanco,AP-68,68,68,ZARAGOZA,-2.90503,42.71332
Obras,Euskadi,ARABA,VI,Obras,None,2007-01-29 11:20:00,Blanco,AP-68,32,32,BILBAO,-2.881384,42.99702
Obras,Euskadi,ARABA,VI,Obras,None,2007-01-29 11:20:00,Blanco,AP-68,34,34,BILBAO,-2.87059,42.98244
Obras,Euskadi,ARABA,VI,Obras,None,2007-01-29 11:20:00,Blanco,AP-68,34,34,BILBAO,-2.87059,42.98244
Obras,Euskadi,ARABA,VI,Obras,Amurrio,2007-01-16 09:27:04,Amarillo,AP-68,24,24,ZARAGOZA,-2.931911,43.05497
Obras,Euskadi,ARABA,VI,Obras,None,2007-01-16 09:27:04,Amarillo,AP-68,24,24,ZARAGOZA,-2.931911,43.05497
Obras,Euskadi,ARABA,VI,Obras,Amurrio,2007-01-16 09:27:04,Amarillo,AP-68,23,23,ZARAGOZA,-2.931188,43.06375
Obras,Euskadi,ARABA,VI,Obras,Amurrio,2007-01-16 09:27:04,Blanco,AP-68,23,23,ZARAGOZA,-2.931188,43.06375
Obras,Euskadi,ARABA,VI,Obras,Amurrio,2007-01-16 09:27:04,Blanco,AP-68,23,23,ZARAGOZA,-2.931188,43.06375
Obras,Euskadi,ARABA,VI,Obras,None,2007-01-16 09:27:04,Blanco,AP-68,23,23,ZARAGOZA,-2.931188,43.06375
Obras,Euskadi,ARABA,VI,Obras,None,2007-01-15 10:32:34,Amarillo,AP-68,42,42,ZARAGOZA,-2.90197,42.92398
Obras,Euskadi,ARABA,VI,Obras,None,2007-01-15 10:32:34,Amarillo,AP-68,41,41,ZARAGOZA,-2.89534,42.93138
Obras,Euskadi,ARABA,VI,Obras,Zuia,2007-01-12 10:03:06,Blanco,AP-68,23,23,BILBAO,-2.93097,43.06346
Obras,Euskadi,ARABA,VI,Obras,Ribera Alta,2007-01-09 12:12:23,Blanco,AP-68,60,60,BILBAO,-2.90723,42.7718
Obras,Euskadi,ARABA,VI,Obras,Ribera Alta,2007-01-09 12:12:23,Blanco,AP-68,60,60,BILBAO,-2.90723,42.7718
Obras,Euskadi,ARABA,VI,Obras,Ribera Alta,2007-01-09 12:12:23,Blanco,AP-68,60,60,BILBAO,-2.90723,42.7718
Obras,Euskadi,ARABA,VI,Obras,None,2007-01-09 12:12:23,Blanco,AP-68,60,60,BILBAO,-2.90723,42.7718
Obras,Euskadi,ARABA,VI,Obras,None,2007-01-09 09:42:09,Blanco,AP-68,66,66,ZARAGOZA,-2.92232,42.72546
Obras,Euskadi,ARABA,VI,Obras,None,2007-01-09 09:42:09,Blanco,AP-68,66,66,ZARAGOZA,-2.92232,42.72546
